******************* Приложение запущено 2025.01.30 13:24:03,165 [v1.46.2.1063] **************************
2025.01.30 13:24:03,201 [173933026][1.46.2.1063] DEBUG - >>> Вызван метод CommonService.GetSettings...
2025.01.30 13:24:03,796 [173933026][1.46.2.1063] DEBUG - <<< Метод CommonService.GetSettings успешно завершен. Возвращаемое значение: CommonServiceProxy.SetupDto
2025.01.30 13:24:03,806 [173933026][1.46.2.1063] DEBUG - Получены настройки: InterfaceUnlockAvailable=False, TsdSettings={SerialNumber=73E65B7606490108011510102E7C0600, InterfaceUnlocked=True}
2025.01.30 13:24:03,811 [173933026][1.46.2.1063] INFO - Сервер 172.16.15.31:14215, customTimeout=
2025.01.30 13:24:03,874 [173933026][1.46.2.1063] INFO - Загружены настройки сканера из файла \Application\ScanCity.Convey\ScannerSettings_20101011174300.usi
2025.01.30 13:24:04,094 [173933026][1.46.2.1063] INFO - Модель терминала: Unknown
2025.01.30 13:24:04,212 [173933026][1.46.2.1063] DEBUG - Файл pdb.ini найден и считан (56 строк)
2025.01.30 13:24:04,220 [173933026][1.46.2.1063] DEBUG - >>> Вызван метод AuthenticationForm.RenderControls...
2025.01.30 13:24:04,240 [173933026][1.46.2.1063] DEBUG - <<< Метод AuthenticationForm.RenderControls успешно завершен. Возвращаемое значение: отсутствует
2025.01.30 13:24:04,395 [173933026][1.46.2.1063] DEBUG - reader_ReadNotify
2025.01.30 13:24:04,445 [173933026][1.46.2.1063] DEBUG - reader_ReadNotify: Barcode='', Type='Unknown'
2025.01.30 13:24:04,463 [173933026][1.46.2.1063] DEBUG - reader_ReadNotify - выход
2025.01.30 13:24:04,479 [173933026][1.46.2.1063] DEBUG - reader_ReadNotify
2025.01.30 13:24:04,484 [173933026][1.46.2.1063] DEBUG - reader_ReadNotify: Barcode='', Type='Unknown'
2025.01.30 13:24:04,488 [173933026][1.46.2.1063] DEBUG - reader_ReadNotify - выход
2025.01.30 13:24:05,197 [173933026][1.46.2.1063] DEBUG - >>> Вызван метод CommonService.UpdateSettings...
2025.01.30 13:24:05,198 [173933026][1.46.2.1063] DEBUG - Параметры метода: 
2025.01.30 13:24:05,198 [173933026][1.46.2.1063] DEBUG - 	scannerSettingsFileName: ScannerSettings_20101011174300.usi
2025.01.30 13:24:05,540 [173933026][1.46.2.1063] DEBUG - <<< Метод CommonService.UpdateSettings успешно завершен. Возвращаемое значение: CommonServiceProxy.SettingsDto
2025.01.30 13:25:44,639 [173933026][1.46.2.1063] DEBUG - >>> Вызван метод AuthenticationForm.OnEmployeeInputted...
2025.01.30 13:25:44,640 [173933026][1.46.2.1063] DEBUG - Параметры метода: 
2025.01.30 13:25:44,640 [173933026][1.46.2.1063] DEBUG - 	sender: InputField (label: ШК сотрудника:, text: 55555)
2025.01.30 13:25:44,640 [173933026][1.46.2.1063] DEBUG - 	args: InputtedEventArgs (Text: 55555, Source: Keyboard, BarcodeEventArgs: )
2025.01.30 13:25:44,679 [173933026][1.46.2.1063] DEBUG - >>> Вызван метод AuthenticationService.LogonUser...
2025.01.30 13:25:44,679 [173933026][1.46.2.1063] DEBUG - Параметры метода: 
2025.01.30 13:25:44,679 [173933026][1.46.2.1063] DEBUG - 	barcode: 55555
2025.01.30 13:25:44,679 [173933026][1.46.2.1063] DEBUG - 	employee: не задано
2025.01.30 13:25:44,761 [173933026][1.46.2.1063] DEBUG - <<< Метод AuthenticationService.LogonUser успешно завершен. Возвращаемое значение: 0
2025.01.30 13:25:44,767 [173933026][1.46.2.1063] DEBUG - >>> Вызван метод CommonService.IsThereRequestUnprocessedByAx...
2025.01.30 13:25:44,767 [173933026][1.46.2.1063] DEBUG - Параметры метода: 
2025.01.30 13:25:44,768 [173933026][1.46.2.1063] DEBUG - 	employeeId: 119345
2025.01.30 13:25:44,828 [173933026][1.46.2.1063] DEBUG - <<< Метод CommonService.IsThereRequestUnprocessedByAx успешно завершен. Возвращаемое значение: False
2025.01.30 13:25:44,834 [173933026][1.46.2.1063] DEBUG - >>> Вызван метод CommonService.GetPersonalizationSettings...
2025.01.30 13:25:44,834 [173933026][1.46.2.1063] DEBUG - Параметры метода: 
2025.01.30 13:25:44,834 [173933026][1.46.2.1063] DEBUG - 	employeeId: 119345
2025.01.30 13:25:44,897 [173933026][1.46.2.1063] DEBUG - <<< Метод CommonService.GetPersonalizationSettings успешно завершен. Возвращаемое значение: CommonServiceProxy.PersonalizationDto
2025.01.30 13:25:44,957 [173933026][1.46.2.1063] DEBUG - >>> Вызван метод BusinessLogicService.GetUnfinishedTaskAndGoToExecution...
2025.01.30 13:25:44,957 [173933026][1.46.2.1063] DEBUG - Параметры метода: 
2025.01.30 13:25:44,957 [173933026][1.46.2.1063] DEBUG - 	employee: ServiceProxy.EmployeeDto
2025.01.30 13:25:44,963 [173933026][1.46.2.1063] DEBUG - >>> Вызван метод CommonService.IsThereUnfinishedTask...
2025.01.30 13:25:44,963 [173933026][1.46.2.1063] DEBUG - Параметры метода: 
2025.01.30 13:25:44,963 [173933026][1.46.2.1063] DEBUG - 	employeeId: 119345
2025.01.30 13:25:45,028 [173933026][1.46.2.1063] DEBUG - <<< Метод CommonService.IsThereUnfinishedTask успешно завершен. Возвращаемое значение: True
2025.01.30 13:25:45,034 [173933026][1.46.2.1063] DEBUG - >>> Вызван метод BusinessLogicService.GetUnfinishedAutoTask...
2025.01.30 13:25:45,034 [173933026][1.46.2.1063] DEBUG - Параметры метода: 
2025.01.30 13:25:45,034 [173933026][1.46.2.1063] DEBUG - 	emplId: 119345
2025.01.30 13:25:45,107 [173933026][1.46.2.1063] DEBUG - <<< Метод BusinessLogicService.GetUnfinishedAutoTask успешно завершен. Возвращаемое значение: ServiceProxy.AutoTaskDto
2025.01.30 13:25:45,156 [173933026][1.46.2.1063] DEBUG - >>> Вызван метод PickingService.LoadNextLines...
2025.01.30 13:25:45,156 [173933026][1.46.2.1063] DEBUG - Параметры метода: 
2025.01.30 13:25:45,156 [173933026][1.46.2.1063] DEBUG - 	employeeId: 119345
2025.01.30 13:25:45,157 [173933026][1.46.2.1063] DEBUG - 	taskType: 42
2025.01.30 13:25:45,157 [173933026][1.46.2.1063] DEBUG - 	nextNextLine: не задано
2025.01.30 13:25:45,157 [173933026][1.46.2.1063] DEBUG - 	totalLineCount: 0
2025.01.30 13:25:45,246 [173933026][1.46.2.1063] DEBUG - <<< Метод PickingService.LoadNextLines успешно завершен. Возвращаемое значение: отсутствует
2025.01.30 13:25:45,253 [173933026][1.46.2.1063] DEBUG - >>> Вызван метод PickingService.FinishButtonPressed...
2025.01.30 13:25:45,253 [173933026][1.46.2.1063] DEBUG - Параметры метода: 
2025.01.30 13:25:45,253 [173933026][1.46.2.1063] DEBUG - 	employeeId: 119345
2025.01.30 13:25:45,253 [173933026][1.46.2.1063] DEBUG - 	taskType: Picking
2025.01.30 13:25:45,254 [173933026][1.46.2.1063] DEBUG - 	nextLine: не задано
2025.01.30 13:25:45,254 [173933026][1.46.2.1063] DEBUG - 	nextNextLine: не задано
2025.01.30 13:25:45,254 [173933026][1.46.2.1063] DEBUG - 	deliveryInfo: не задано
2025.01.30 13:25:45,254 [173933026][1.46.2.1063] DEBUG - 	lineCount: 0
2025.01.30 13:25:45,417 [173933026][1.46.2.1063] DEBUG - <<< Метод PickingService.FinishButtonPressed успешно завершен. Возвращаемое значение: 2
2025.01.30 13:26:41,000 [197591522][(null)] DEBUG - POWER_BROADCAST: Message=PBT_TRANSITION, Flags=POWER_STATE_ON, POWER_STATE_PASSWORD (0x10010000)
2025.01.30 13:58:43,273 [197591522][(null)] DEBUG - POWER_BROADCAST: Message=PBT_TRANSITION, Flags=POWER_STATE_RESET (0x800000)
******************* Приложение запущено 2025.01.30 14:48:14,264 [v1.46.2.1063] **************************
2025.01.30 14:48:14,298 [175636894][1.46.2.1063] DEBUG - >>> Вызван метод CommonService.GetSettings...
2025.01.30 14:48:14,889 [175636894][1.46.2.1063] DEBUG - <<< Метод CommonService.GetSettings успешно завершен. Возвращаемое значение: CommonServiceProxy.SetupDto
2025.01.30 14:48:14,899 [175636894][1.46.2.1063] DEBUG - Получены настройки: InterfaceUnlockAvailable=False, TsdSettings={SerialNumber=73E65B7606490108011510102E7C0600, InterfaceUnlocked=True}
2025.01.30 14:48:14,907 [175636894][1.46.2.1063] INFO - Сервер 172.16.15.31:14215, customTimeout=
2025.01.30 14:48:14,978 [175636894][1.46.2.1063] INFO - Загружены настройки сканера из файла \Application\ScanCity.Convey\ScannerSettings_20101011174300.usi
2025.01.30 14:48:15,200 [175636894][1.46.2.1063] INFO - Модель терминала: Unknown
2025.01.30 14:48:15,316 [175636894][1.46.2.1063] DEBUG - Файл pdb.ini найден и считан (56 строк)
2025.01.30 14:48:15,324 [175636894][1.46.2.1063] DEBUG - >>> Вызван метод AuthenticationForm.RenderControls...
2025.01.30 14:48:15,341 [175636894][1.46.2.1063] DEBUG - <<< Метод AuthenticationForm.RenderControls успешно завершен. Возвращаемое значение: отсутствует
2025.01.30 14:48:15,509 [175636894][1.46.2.1063] DEBUG - reader_ReadNotify
2025.01.30 14:48:15,559 [175636894][1.46.2.1063] DEBUG - reader_ReadNotify: Barcode='', Type='Unknown'
2025.01.30 14:48:15,568 [175636894][1.46.2.1063] DEBUG - reader_ReadNotify - выход
2025.01.30 14:48:15,581 [175636894][1.46.2.1063] DEBUG - reader_ReadNotify
2025.01.30 14:48:15,586 [175636894][1.46.2.1063] DEBUG - reader_ReadNotify: Barcode='', Type='Unknown'
2025.01.30 14:48:15,590 [175636894][1.46.2.1063] DEBUG - reader_ReadNotify - выход
2025.01.30 14:48:16,303 [175636894][1.46.2.1063] DEBUG - >>> Вызван метод CommonService.UpdateSettings...
2025.01.30 14:48:16,303 [175636894][1.46.2.1063] DEBUG - Параметры метода: 
2025.01.30 14:48:16,303 [175636894][1.46.2.1063] DEBUG - 	scannerSettingsFileName: ScannerSettings_20101011174300.usi
2025.01.30 14:48:16,662 [175636894][1.46.2.1063] DEBUG - <<< Метод CommonService.UpdateSettings успешно завершен. Возвращаемое значение: CommonServiceProxy.SettingsDto
2025.01.30 14:48:23,607 [175636894][1.46.2.1063] DEBUG - >>> Вызван метод AuthenticationForm.OnEmployeeInputted...
2025.01.30 14:48:23,607 [175636894][1.46.2.1063] DEBUG - Параметры метода: 
2025.01.30 14:48:23,608 [175636894][1.46.2.1063] DEBUG - 	sender: InputField (label: ШК сотрудника:, text: 46)
2025.01.30 14:48:23,608 [175636894][1.46.2.1063] DEBUG - 	args: InputtedEventArgs (Text: 46, Source: Keyboard, BarcodeEventArgs: )
2025.01.30 14:48:23,645 [175636894][1.46.2.1063] DEBUG - >>> Вызван метод AuthenticationService.LogonUser...
2025.01.30 14:48:23,645 [175636894][1.46.2.1063] DEBUG - Параметры метода: 
2025.01.30 14:48:23,646 [175636894][1.46.2.1063] DEBUG - 	barcode: 46
2025.01.30 14:48:23,646 [175636894][1.46.2.1063] DEBUG - 	employee: не задано
2025.01.30 14:48:23,731 [175636894][1.46.2.1063] DEBUG - <<< Метод AuthenticationService.LogonUser успешно завершен. Возвращаемое значение: 0
2025.01.30 14:48:23,738 [175636894][1.46.2.1063] DEBUG - >>> Вызван метод CommonService.IsThereRequestUnprocessedByAx...
2025.01.30 14:48:23,738 [175636894][1.46.2.1063] DEBUG - Параметры метода: 
2025.01.30 14:48:23,738 [175636894][1.46.2.1063] DEBUG - 	employeeId: 000046
2025.01.30 14:48:24,130 [175636894][1.46.2.1063] DEBUG - <<< Метод CommonService.IsThereRequestUnprocessedByAx успешно завершен. Возвращаемое значение: False
2025.01.30 14:48:24,136 [175636894][1.46.2.1063] DEBUG - >>> Вызван метод CommonService.GetPersonalizationSettings...
2025.01.30 14:48:24,136 [175636894][1.46.2.1063] DEBUG - Параметры метода: 
2025.01.30 14:48:24,136 [175636894][1.46.2.1063] DEBUG - 	employeeId: 000046
2025.01.30 14:48:24,207 [175636894][1.46.2.1063] DEBUG - <<< Метод CommonService.GetPersonalizationSettings успешно завершен. Возвращаемое значение: CommonServiceProxy.PersonalizationDto
2025.01.30 14:48:24,268 [175636894][1.46.2.1063] DEBUG - >>> Вызван метод BusinessLogicService.GetUnfinishedTaskAndGoToExecution...
2025.01.30 14:48:24,268 [175636894][1.46.2.1063] DEBUG - Параметры метода: 
2025.01.30 14:48:24,268 [175636894][1.46.2.1063] DEBUG - 	employee: ServiceProxy.EmployeeDto
2025.01.30 14:48:24,273 [175636894][1.46.2.1063] DEBUG - >>> Вызван метод CommonService.IsThereUnfinishedTask...
2025.01.30 14:48:24,273 [175636894][1.46.2.1063] DEBUG - Параметры метода: 
2025.01.30 14:48:24,274 [175636894][1.46.2.1063] DEBUG - 	employeeId: 000046
2025.01.30 14:48:24,335 [175636894][1.46.2.1063] DEBUG - <<< Метод CommonService.IsThereUnfinishedTask успешно завершен. Возвращаемое значение: False
2025.01.30 14:48:24,340 [175636894][1.46.2.1063] DEBUG - <<< Метод BusinessLogicService.GetUnfinishedTaskAndGoToExecution успешно завершен. Возвращаемое значение: False
2025.01.30 14:48:24,485 [175636894][1.46.2.1063] DEBUG - >>> Вызван метод TaskSelectionForm.AllocateControls...
2025.01.30 14:48:24,579 [175636894][1.46.2.1063] DEBUG - <<< Метод TaskSelectionForm.AllocateControls успешно завершен. Возвращаемое значение: отсутствует
2025.01.30 14:48:26,723 [175636894][1.46.2.1063] DEBUG - >>> Вызван метод TaskSelectionForm.OnTaskSelectionFormClosing...
2025.01.30 14:48:26,723 [175636894][1.46.2.1063] DEBUG - Параметры метода: 
2025.01.30 14:48:26,723 [175636894][1.46.2.1063] DEBUG - 	sender: ScanCity.ConveyerTerminal.DeviceClient.UI.TaskSelectionForm
2025.01.30 14:48:26,723 [175636894][1.46.2.1063] DEBUG - 	e: System.ComponentModel.CancelEventArgs
2025.01.30 14:48:26,729 [175636894][1.46.2.1063] DEBUG - >>> Вызван метод AuthenticationService.LogoffUser...
2025.01.30 14:48:26,729 [175636894][1.46.2.1063] DEBUG - Параметры метода: 
2025.01.30 14:48:26,730 [175636894][1.46.2.1063] DEBUG - 	employeeId: 000046
2025.01.30 14:48:26,792 [175636894][1.46.2.1063] DEBUG - <<< Метод AuthenticationService.LogoffUser успешно завершен. Возвращаемое значение: отсутствует
2025.01.30 14:48:26,797 [175636894][1.46.2.1063] DEBUG - <<< Метод TaskSelectionForm.OnTaskSelectionFormClosing успешно завершен. Возвращаемое значение: отсутствует
2025.01.30 14:48:26,895 [175636894][1.46.2.1063] DEBUG - <<< Метод AuthenticationForm.OnEmployeeInputted успешно завершен. Возвращаемое значение: отсутствует
2025.01.30 14:48:57,617 [175636894][1.46.2.1063] DEBUG - >>> Вызван метод AuthenticationForm.OnEmployeeInputted...
2025.01.30 14:48:57,617 [175636894][1.46.2.1063] DEBUG - Параметры метода: 
2025.01.30 14:48:57,617 [175636894][1.46.2.1063] DEBUG - 	sender: InputField (label: ШК сотрудника:, text: 46)
2025.01.30 14:48:57,618 [175636894][1.46.2.1063] DEBUG - 	args: InputtedEventArgs (Text: 46, Source: Keyboard, BarcodeEventArgs: )
2025.01.30 14:48:57,623 [175636894][1.46.2.1063] DEBUG - >>> Вызван метод AuthenticationService.LogonUser...
2025.01.30 14:48:57,623 [175636894][1.46.2.1063] DEBUG - Параметры метода: 
2025.01.30 14:48:57,623 [175636894][1.46.2.1063] DEBUG - 	barcode: 46
2025.01.30 14:48:57,623 [175636894][1.46.2.1063] DEBUG - 	employee: не задано
2025.01.30 14:48:57,687 [175636894][1.46.2.1063] DEBUG - <<< Метод AuthenticationService.LogonUser успешно завершен. Возвращаемое значение: 0
2025.01.30 14:48:57,692 [175636894][1.46.2.1063] DEBUG - >>> Вызван метод CommonService.IsThereRequestUnprocessedByAx...
2025.01.30 14:48:57,693 [175636894][1.46.2.1063] DEBUG - Параметры метода: 
2025.01.30 14:48:57,693 [175636894][1.46.2.1063] DEBUG - 	employeeId: 000046
2025.01.30 14:48:57,776 [175636894][1.46.2.1063] DEBUG - <<< Метод CommonService.IsThereRequestUnprocessedByAx успешно завершен. Возвращаемое значение: False
2025.01.30 14:48:57,781 [175636894][1.46.2.1063] DEBUG - >>> Вызван метод CommonService.GetPersonalizationSettings...
2025.01.30 14:48:57,782 [175636894][1.46.2.1063] DEBUG - Параметры метода: 
2025.01.30 14:48:57,782 [175636894][1.46.2.1063] DEBUG - 	employeeId: 000046
2025.01.30 14:48:57,867 [175636894][1.46.2.1063] DEBUG - <<< Метод CommonService.GetPersonalizationSettings успешно завершен. Возвращаемое значение: CommonServiceProxy.PersonalizationDto
2025.01.30 14:48:57,873 [175636894][1.46.2.1063] DEBUG - >>> Вызван метод BusinessLogicService.GetUnfinishedTaskAndGoToExecution...
2025.01.30 14:48:57,873 [175636894][1.46.2.1063] DEBUG - Параметры метода: 
2025.01.30 14:48:57,873 [175636894][1.46.2.1063] DEBUG - 	employee: ServiceProxy.EmployeeDto
2025.01.30 14:48:57,878 [175636894][1.46.2.1063] DEBUG - >>> Вызван метод CommonService.IsThereUnfinishedTask...
2025.01.30 14:48:57,878 [175636894][1.46.2.1063] DEBUG - Параметры метода: 
2025.01.30 14:48:57,878 [175636894][1.46.2.1063] DEBUG - 	employeeId: 000046
2025.01.30 14:48:57,939 [175636894][1.46.2.1063] DEBUG - <<< Метод CommonService.IsThereUnfinishedTask успешно завершен. Возвращаемое значение: True
2025.01.30 14:48:57,944 [175636894][1.46.2.1063] DEBUG - >>> Вызван метод BusinessLogicService.GetUnfinishedAutoTask...
2025.01.30 14:48:57,945 [175636894][1.46.2.1063] DEBUG - Параметры метода: 
2025.01.30 14:48:57,945 [175636894][1.46.2.1063] DEBUG - 	emplId: 000046
2025.01.30 14:48:58,026 [175636894][1.46.2.1063] DEBUG - <<< Метод BusinessLogicService.GetUnfinishedAutoTask успешно завершен. Возвращаемое значение: ServiceProxy.AutoTaskDto
2025.01.30 14:48:58,074 [175636894][1.46.2.1063] DEBUG - >>> Вызван метод InventoryService.LoadTask...
2025.01.30 14:48:58,074 [175636894][1.46.2.1063] DEBUG - Параметры метода: 
2025.01.30 14:48:58,075 [175636894][1.46.2.1063] DEBUG - 	taskId: 1799144-89
2025.01.30 14:48:58,224 [175636894][1.46.2.1063] DEBUG - <<< Метод InventoryService.LoadTask успешно завершен. Возвращаемое значение: InventoryServiceProxy.InventoryTaskDto
2025.01.30 14:48:58,241 [175636894][1.46.2.1063] DEBUG - >>> Вызван метод AutoTaskExecutionForm..ctor...
2025.01.30 14:48:58,241 [175636894][1.46.2.1063] DEBUG - Параметры метода: 
2025.01.30 14:48:58,242 [175636894][1.46.2.1063] DEBUG - 	employee: ServiceProxy.EmployeeDto
2025.01.30 14:48:58,242 [175636894][1.46.2.1063] DEBUG - 	task: InventoryServiceProxy.InventoryTaskDto
2025.01.30 14:48:58,390 [175636894][1.46.2.1063] DEBUG - >>> Вызван метод AutoTaskExecutionForm.InitializeBusinessControls...
2025.01.30 14:48:58,397 [175636894][1.46.2.1063] DEBUG - <<< Метод AutoTaskExecutionForm.InitializeBusinessControls успешно завершен. Возвращаемое значение: отсутствует
2025.01.30 14:48:58,404 [175636894][1.46.2.1063] DEBUG - >>> Вызван метод AutoTaskExecutionForm.RenderControls...
2025.01.30 14:48:58,542 [175636894][1.46.2.1063] DEBUG - <<< Метод AutoTaskExecutionForm.RenderControls успешно завершен. Возвращаемое значение: отсутствует
2025.01.30 14:48:58,550 [175636894][1.46.2.1063] DEBUG - >>> Вызван метод AutoTaskExecutionForm.Render...
2025.01.30 14:48:58,577 [175636894][1.46.2.1063] DEBUG - <<< Метод AutoTaskExecutionForm.Render успешно завершен. Возвращаемое значение: отсутствует
2025.01.30 14:48:58,582 [175636894][1.46.2.1063] DEBUG - <<< Метод AutoTaskExecutionForm..ctor успешно завершен. Возвращаемое значение: отсутствует
2025.01.30 14:49:34,556 [175636894][1.46.2.1063] DEBUG - <<< Метод BusinessLogicService.GetUnfinishedTaskAndGoToExecution успешно завершен. Возвращаемое значение: True
2025.01.30 14:49:34,737 [175636894][1.46.2.1063] DEBUG - >>> Вызван метод TaskSelectionForm.AllocateControls...
2025.01.30 14:49:34,827 [175636894][1.46.2.1063] DEBUG - <<< Метод TaskSelectionForm.AllocateControls успешно завершен. Возвращаемое значение: отсутствует
2025.01.30 14:49:36,564 [175636894][1.46.2.1063] DEBUG - >>> Вызван метод TaskSelectionForm.OnTaskSelectionFormClosing...
2025.01.30 14:49:36,564 [175636894][1.46.2.1063] DEBUG - Параметры метода: 
2025.01.30 14:49:36,564 [175636894][1.46.2.1063] DEBUG - 	sender: ScanCity.ConveyerTerminal.DeviceClient.UI.TaskSelectionForm
2025.01.30 14:49:36,565 [175636894][1.46.2.1063] DEBUG - 	e: System.ComponentModel.CancelEventArgs
2025.01.30 14:49:36,570 [175636894][1.46.2.1063] DEBUG - >>> Вызван метод AuthenticationService.LogoffUser...
2025.01.30 14:49:36,571 [175636894][1.46.2.1063] DEBUG - Параметры метода: 
2025.01.30 14:49:36,571 [175636894][1.46.2.1063] DEBUG - 	employeeId: 000046
2025.01.30 14:49:36,927 [175636894][1.46.2.1063] DEBUG - <<< Метод AuthenticationService.LogoffUser успешно завершен. Возвращаемое значение: отсутствует
2025.01.30 14:49:36,933 [175636894][1.46.2.1063] DEBUG - <<< Метод TaskSelectionForm.OnTaskSelectionFormClosing успешно завершен. Возвращаемое значение: отсутствует
2025.01.30 14:49:37,034 [175636894][1.46.2.1063] DEBUG - <<< Метод AuthenticationForm.OnEmployeeInputted успешно завершен. Возвращаемое значение: отсутствует
2025.01.30 14:49:39,023 [175636894][1.46.2.1063] DEBUG - >>> Вызван метод AuthenticationForm.OnEmployeeInputted...
2025.01.30 14:49:39,023 [175636894][1.46.2.1063] DEBUG - Параметры метода: 
2025.01.30 14:49:39,023 [175636894][1.46.2.1063] DEBUG - 	sender: InputField (label: ШК сотрудника:, text: 46)
2025.01.30 14:49:39,023 [175636894][1.46.2.1063] DEBUG - 	args: InputtedEventArgs (Text: 46, Source: Keyboard, BarcodeEventArgs: )
2025.01.30 14:49:39,029 [175636894][1.46.2.1063] DEBUG - >>> Вызван метод AuthenticationService.LogonUser...
2025.01.30 14:49:39,029 [175636894][1.46.2.1063] DEBUG - Параметры метода: 
2025.01.30 14:49:39,030 [175636894][1.46.2.1063] DEBUG - 	barcode: 46
2025.01.30 14:49:39,030 [175636894][1.46.2.1063] DEBUG - 	employee: не задано
2025.01.30 14:49:39,096 [175636894][1.46.2.1063] DEBUG - <<< Метод AuthenticationService.LogonUser успешно завершен. Возвращаемое значение: 0
2025.01.30 14:49:39,102 [175636894][1.46.2.1063] DEBUG - >>> Вызван метод CommonService.IsThereRequestUnprocessedByAx...
2025.01.30 14:49:39,102 [175636894][1.46.2.1063] DEBUG - Параметры метода: 
2025.01.30 14:49:39,102 [175636894][1.46.2.1063] DEBUG - 	employeeId: 000046
2025.01.30 14:49:39,178 [175636894][1.46.2.1063] DEBUG - <<< Метод CommonService.IsThereRequestUnprocessedByAx успешно завершен. Возвращаемое значение: False
2025.01.30 14:49:39,184 [175636894][1.46.2.1063] DEBUG - >>> Вызван метод CommonService.GetPersonalizationSettings...
2025.01.30 14:49:39,185 [175636894][1.46.2.1063] DEBUG - Параметры метода: 
2025.01.30 14:49:39,185 [175636894][1.46.2.1063] DEBUG - 	employeeId: 000046
2025.01.30 14:49:39,242 [175636894][1.46.2.1063] DEBUG - <<< Метод CommonService.GetPersonalizationSettings успешно завершен. Возвращаемое значение: CommonServiceProxy.PersonalizationDto
2025.01.30 14:49:39,264 [175636894][1.46.2.1063] DEBUG - >>> Вызван метод BusinessLogicService.GetUnfinishedTaskAndGoToExecution...
2025.01.30 14:49:39,264 [175636894][1.46.2.1063] DEBUG - Параметры метода: 
2025.01.30 14:49:39,265 [175636894][1.46.2.1063] DEBUG - 	employee: ServiceProxy.EmployeeDto
2025.01.30 14:49:39,270 [175636894][1.46.2.1063] DEBUG - >>> Вызван метод CommonService.IsThereUnfinishedTask...
2025.01.30 14:49:39,270 [175636894][1.46.2.1063] DEBUG - Параметры метода: 
2025.01.30 14:49:39,270 [175636894][1.46.2.1063] DEBUG - 	employeeId: 000046
2025.01.30 14:49:39,625 [175636894][1.46.2.1063] DEBUG - <<< Метод CommonService.IsThereUnfinishedTask успешно завершен. Возвращаемое значение: True
2025.01.30 14:49:39,630 [175636894][1.46.2.1063] DEBUG - >>> Вызван метод BusinessLogicService.GetUnfinishedAutoTask...
2025.01.30 14:49:39,631 [175636894][1.46.2.1063] DEBUG - Параметры метода: 
2025.01.30 14:49:39,631 [175636894][1.46.2.1063] DEBUG - 	emplId: 000046
2025.01.30 14:49:39,699 [175636894][1.46.2.1063] DEBUG - <<< Метод BusinessLogicService.GetUnfinishedAutoTask успешно завершен. Возвращаемое значение: ServiceProxy.AutoTaskDto
2025.01.30 14:49:39,704 [175636894][1.46.2.1063] DEBUG - >>> Вызван метод InventoryService.LoadTask...
2025.01.30 14:49:39,705 [175636894][1.46.2.1063] DEBUG - Параметры метода: 
2025.01.30 14:49:39,705 [175636894][1.46.2.1063] DEBUG - 	taskId: 1799144-89
2025.01.30 14:49:39,806 [175636894][1.46.2.1063] DEBUG - <<< Метод InventoryService.LoadTask успешно завершен. Возвращаемое значение: InventoryServiceProxy.InventoryTaskDto
2025.01.30 14:49:39,821 [175636894][1.46.2.1063] DEBUG - >>> Вызван метод AutoTaskExecutionForm..ctor...
2025.01.30 14:49:39,821 [175636894][1.46.2.1063] DEBUG - Параметры метода: 
2025.01.30 14:49:39,821 [175636894][1.46.2.1063] DEBUG - 	employee: ServiceProxy.EmployeeDto
2025.01.30 14:49:39,822 [175636894][1.46.2.1063] DEBUG - 	task: InventoryServiceProxy.InventoryTaskDto
2025.01.30 14:49:39,960 [175636894][1.46.2.1063] DEBUG - >>> Вызван метод AutoTaskExecutionForm.InitializeBusinessControls...
2025.01.30 14:49:39,967 [175636894][1.46.2.1063] DEBUG - <<< Метод AutoTaskExecutionForm.InitializeBusinessControls успешно завершен. Возвращаемое значение: отсутствует
2025.01.30 14:49:39,991 [175636894][1.46.2.1063] DEBUG - >>> Вызван метод AutoTaskExecutionForm.RenderControls...
2025.01.30 14:49:40,130 [175636894][1.46.2.1063] DEBUG - <<< Метод AutoTaskExecutionForm.RenderControls успешно завершен. Возвращаемое значение: отсутствует
2025.01.30 14:49:40,137 [175636894][1.46.2.1063] DEBUG - >>> Вызван метод AutoTaskExecutionForm.Render...
2025.01.30 14:49:40,160 [175636894][1.46.2.1063] DEBUG - <<< Метод AutoTaskExecutionForm.Render успешно завершен. Возвращаемое значение: отсутствует
2025.01.30 14:49:40,164 [175636894][1.46.2.1063] DEBUG - <<< Метод AutoTaskExecutionForm..ctor успешно завершен. Возвращаемое значение: отсутствует
2025.01.30 14:49:42,144 [175636894][1.46.2.1063] DEBUG - >>> Вызван метод AutoTaskExecutionForm.OnFinishButtonClick...
2025.01.30 14:49:42,144 [175636894][1.46.2.1063] DEBUG - Параметры метода: 
2025.01.30 14:49:42,144 [175636894][1.46.2.1063] DEBUG - 	sender: PushingButton (name: finishButton, text: Завершить)
2025.01.30 14:49:42,145 [175636894][1.46.2.1063] DEBUG - 	e: System.EventArgs
2025.01.30 14:49:42,151 [175636894][1.46.2.1063] INFO - Выведено информационное сообщение: Сдайте брак в оптимизацию!
2025.01.30 14:49:42,211 [175636894][1.46.2.1063] DEBUG - reader_ReadNotify
2025.01.30 14:49:42,216 [175636894][1.46.2.1063] DEBUG - reader_ReadNotify: Barcode='', Type='Unknown'
2025.01.30 14:49:42,222 [175636894][1.46.2.1063] DEBUG - reader_ReadNotify - выход
2025.01.30 14:49:43,663 [175636894][1.46.2.1063] DEBUG - <<< Метод AutoTaskExecutionForm.OnFinishButtonClick успешно завершен. Возвращаемое значение: отсутствует
2025.01.30 14:49:43,672 [175636894][1.46.2.1063] DEBUG - >>> Вызван метод AutoTaskExecutionForm.Render...
2025.01.30 14:49:43,691 [175636894][1.46.2.1063] DEBUG - <<< Метод AutoTaskExecutionForm.Render успешно завершен. Возвращаемое значение: отсутствует
2025.01.30 14:49:46,634 [175636894][1.46.2.1063] DEBUG - <<< Метод BusinessLogicService.GetUnfinishedTaskAndGoToExecution успешно завершен. Возвращаемое значение: True
2025.01.30 14:49:46,816 [175636894][1.46.2.1063] DEBUG - >>> Вызван метод TaskSelectionForm.AllocateControls...
2025.01.30 14:49:46,907 [175636894][1.46.2.1063] DEBUG - <<< Метод TaskSelectionForm.AllocateControls успешно завершен. Возвращаемое значение: отсутствует
2025.01.30 14:49:48,449 [175636894][1.46.2.1063] DEBUG - >>> Вызван метод TaskSelectionForm.OnTaskSelectionFormClosing...
2025.01.30 14:49:48,464 [175636894][1.46.2.1063] DEBUG - Параметры метода: 
2025.01.30 14:49:48,465 [175636894][1.46.2.1063] DEBUG - 	sender: ScanCity.ConveyerTerminal.DeviceClient.UI.TaskSelectionForm
2025.01.30 14:49:48,465 [175636894][1.46.2.1063] DEBUG - 	e: System.ComponentModel.CancelEventArgs
2025.01.30 14:49:48,487 [175636894][1.46.2.1063] DEBUG - >>> Вызван метод AuthenticationService.LogoffUser...
2025.01.30 14:49:48,487 [175636894][1.46.2.1063] DEBUG - Параметры метода: 
2025.01.30 14:49:48,487 [175636894][1.46.2.1063] DEBUG - 	employeeId: 000046
2025.01.30 14:49:48,806 [175636894][1.46.2.1063] DEBUG - <<< Метод AuthenticationService.LogoffUser успешно завершен. Возвращаемое значение: отсутствует
2025.01.30 14:49:48,814 [175636894][1.46.2.1063] DEBUG - <<< Метод TaskSelectionForm.OnTaskSelectionFormClosing успешно завершен. Возвращаемое значение: отсутствует
2025.01.30 14:49:48,925 [175636894][1.46.2.1063] DEBUG - <<< Метод AuthenticationForm.OnEmployeeInputted успешно завершен. Возвращаемое значение: отсутствует
2025.01.30 14:50:48,238 [197853610][(null)] DEBUG - POWER_BROADCAST: Message=PBT_TRANSITION, Flags=POWER_STATE_ON, POWER_STATE_PASSWORD (0x10010000)
2025.01.30 15:04:08,516 [197853610][(null)] DEBUG - POWER_BROADCAST: Message=PBT_TRANSITION, Flags=POWER_STATE_ON, POWER_STATE_PASSWORD (0x12010000)
2025.01.30 15:04:09,770 [175636894][1.46.2.1063] DEBUG - >>> Вызван метод AuthenticationForm.OnEmployeeInputted...
2025.01.30 15:04:09,771 [175636894][1.46.2.1063] DEBUG - Параметры метода: 
2025.01.30 15:04:09,771 [175636894][1.46.2.1063] DEBUG - 	sender: InputField (label: ШК сотрудника:, text: 46)
2025.01.30 15:04:09,771 [175636894][1.46.2.1063] DEBUG - 	args: InputtedEventArgs (Text: 46, Source: Keyboard, BarcodeEventArgs: )
2025.01.30 15:04:09,777 [175636894][1.46.2.1063] DEBUG - >>> Вызван метод AuthenticationService.LogonUser...
2025.01.30 15:04:09,777 [175636894][1.46.2.1063] DEBUG - Параметры метода: 
2025.01.30 15:04:09,777 [175636894][1.46.2.1063] DEBUG - 	barcode: 46
2025.01.30 15:04:09,778 [175636894][1.46.2.1063] DEBUG - 	employee: не задано
2025.01.30 15:04:09,897 [175636894][1.46.2.1063] DEBUG - <<< Метод AuthenticationService.LogonUser успешно завершен. Возвращаемое значение: 0
2025.01.30 15:04:09,903 [175636894][1.46.2.1063] DEBUG - >>> Вызван метод CommonService.IsThereRequestUnprocessedByAx...
2025.01.30 15:04:09,903 [175636894][1.46.2.1063] DEBUG - Параметры метода: 
2025.01.30 15:04:09,903 [175636894][1.46.2.1063] DEBUG - 	employeeId: 000046
2025.01.30 15:04:09,980 [175636894][1.46.2.1063] DEBUG - <<< Метод CommonService.IsThereRequestUnprocessedByAx успешно завершен. Возвращаемое значение: False
2025.01.30 15:04:09,986 [175636894][1.46.2.1063] DEBUG - >>> Вызван метод CommonService.GetPersonalizationSettings...
2025.01.30 15:04:09,986 [175636894][1.46.2.1063] DEBUG - Параметры метода: 
2025.01.30 15:04:09,987 [175636894][1.46.2.1063] DEBUG - 	employeeId: 000046
2025.01.30 15:04:10,066 [175636894][1.46.2.1063] DEBUG - <<< Метод CommonService.GetPersonalizationSettings успешно завершен. Возвращаемое значение: CommonServiceProxy.PersonalizationDto
2025.01.30 15:04:10,081 [175636894][1.46.2.1063] DEBUG - >>> Вызван метод BusinessLogicService.GetUnfinishedTaskAndGoToExecution...
2025.01.30 15:04:10,082 [175636894][1.46.2.1063] DEBUG - Параметры метода: 
2025.01.30 15:04:10,082 [175636894][1.46.2.1063] DEBUG - 	employee: ServiceProxy.EmployeeDto
2025.01.30 15:04:10,087 [175636894][1.46.2.1063] DEBUG - >>> Вызван метод CommonService.IsThereUnfinishedTask...
2025.01.30 15:04:10,087 [175636894][1.46.2.1063] DEBUG - Параметры метода: 
2025.01.30 15:04:10,088 [175636894][1.46.2.1063] DEBUG - 	employeeId: 000046
2025.01.30 15:04:10,143 [175636894][1.46.2.1063] DEBUG - <<< Метод CommonService.IsThereUnfinishedTask успешно завершен. Возвращаемое значение: False
2025.01.30 15:04:10,148 [175636894][1.46.2.1063] DEBUG - <<< Метод BusinessLogicService.GetUnfinishedTaskAndGoToExecution успешно завершен. Возвращаемое значение: False
2025.01.30 15:04:10,269 [175636894][1.46.2.1063] DEBUG - >>> Вызван метод TaskSelectionForm.AllocateControls...
2025.01.30 15:04:10,358 [175636894][1.46.2.1063] DEBUG - <<< Метод TaskSelectionForm.AllocateControls успешно завершен. Возвращаемое значение: отсутствует
2025.01.30 15:04:12,290 [175636894][1.46.2.1063] DEBUG - >>> Вызван метод TaskSelectionForm.OnFormKeyDown...
2025.01.30 15:04:12,290 [175636894][1.46.2.1063] DEBUG - Параметры метода: 
2025.01.30 15:04:12,291 [175636894][1.46.2.1063] DEBUG - 	sender: ScanCity.ConveyerTerminal.DeviceClient.UI.TaskSelectionForm
2025.01.30 15:04:12,291 [175636894][1.46.2.1063] DEBUG - 	e: System.Windows.Forms.KeyEventArgs
2025.01.30 15:04:12,296 [175636894][1.46.2.1063] DEBUG - <<< Метод TaskSelectionForm.OnFormKeyDown успешно завершен. Возвращаемое значение: отсутствует
2025.01.30 15:04:12,350 [175636894][1.46.2.1063] DEBUG - >>> Вызван метод TaskSelectionForm.OnFormKeyDown...
2025.01.30 15:04:12,351 [175636894][1.46.2.1063] DEBUG - Параметры метода: 
2025.01.30 15:04:12,351 [175636894][1.46.2.1063] DEBUG - 	sender: ScanCity.ConveyerTerminal.DeviceClient.UI.TaskSelectionForm
2025.01.30 15:04:12,351 [175636894][1.46.2.1063] DEBUG - 	e: System.Windows.Forms.KeyEventArgs
2025.01.30 15:04:12,356 [175636894][1.46.2.1063] DEBUG - <<< Метод TaskSelectionForm.OnFormKeyDown успешно завершен. Возвращаемое значение: отсутствует
2025.01.30 15:04:12,534 [175636894][1.46.2.1063] DEBUG - >>> Вызван метод TaskSelectionForm.OnFormKeyDown...
2025.01.30 15:04:12,535 [175636894][1.46.2.1063] DEBUG - Параметры метода: 
2025.01.30 15:04:12,535 [175636894][1.46.2.1063] DEBUG - 	sender: ScanCity.ConveyerTerminal.DeviceClient.UI.TaskSelectionForm
2025.01.30 15:04:12,535 [175636894][1.46.2.1063] DEBUG - 	e: System.Windows.Forms.KeyEventArgs
2025.01.30 15:04:12,540 [175636894][1.46.2.1063] DEBUG - <<< Метод TaskSelectionForm.OnFormKeyDown успешно завершен. Возвращаемое значение: отсутствует
2025.01.30 15:04:12,615 [175636894][1.46.2.1063] DEBUG - >>> Вызван метод TaskSelectionForm.OnFormKeyDown...
2025.01.30 15:04:12,615 [175636894][1.46.2.1063] DEBUG - Параметры метода: 
2025.01.30 15:04:12,615 [175636894][1.46.2.1063] DEBUG - 	sender: ScanCity.ConveyerTerminal.DeviceClient.UI.TaskSelectionForm
2025.01.30 15:04:12,616 [175636894][1.46.2.1063] DEBUG - 	e: System.Windows.Forms.KeyEventArgs
2025.01.30 15:04:12,620 [175636894][1.46.2.1063] DEBUG - <<< Метод TaskSelectionForm.OnFormKeyDown успешно завершен. Возвращаемое значение: отсутствует
2025.01.30 15:04:12,772 [175636894][1.46.2.1063] DEBUG - >>> Вызван метод TaskSelectionForm.OnFormKeyDown...
2025.01.30 15:04:12,772 [175636894][1.46.2.1063] DEBUG - Параметры метода: 
2025.01.30 15:04:12,772 [175636894][1.46.2.1063] DEBUG - 	sender: ScanCity.ConveyerTerminal.DeviceClient.UI.TaskSelectionForm
2025.01.30 15:04:12,772 [175636894][1.46.2.1063] DEBUG - 	e: System.Windows.Forms.KeyEventArgs
2025.01.30 15:04:12,777 [175636894][1.46.2.1063] DEBUG - <<< Метод TaskSelectionForm.OnFormKeyDown успешно завершен. Возвращаемое значение: отсутствует
2025.01.30 15:04:12,886 [175636894][1.46.2.1063] DEBUG - >>> Вызван метод TaskSelectionForm.OnFormKeyDown...
2025.01.30 15:04:12,886 [175636894][1.46.2.1063] DEBUG - Параметры метода: 
2025.01.30 15:04:12,887 [175636894][1.46.2.1063] DEBUG - 	sender: ScanCity.ConveyerTerminal.DeviceClient.UI.TaskSelectionForm
2025.01.30 15:04:12,887 [175636894][1.46.2.1063] DEBUG - 	e: System.Windows.Forms.KeyEventArgs
2025.01.30 15:04:12,891 [175636894][1.46.2.1063] DEBUG - <<< Метод TaskSelectionForm.OnFormKeyDown успешно завершен. Возвращаемое значение: отсутствует
2025.01.30 15:04:13,044 [175636894][1.46.2.1063] DEBUG - >>> Вызван метод TaskSelectionForm.OnFormKeyDown...
2025.01.30 15:04:13,044 [175636894][1.46.2.1063] DEBUG - Параметры метода: 
2025.01.30 15:04:13,044 [175636894][1.46.2.1063] DEBUG - 	sender: ScanCity.ConveyerTerminal.DeviceClient.UI.TaskSelectionForm
2025.01.30 15:04:13,044 [175636894][1.46.2.1063] DEBUG - 	e: System.Windows.Forms.KeyEventArgs
2025.01.30 15:04:13,049 [175636894][1.46.2.1063] DEBUG - <<< Метод TaskSelectionForm.OnFormKeyDown успешно завершен. Возвращаемое значение: отсутствует
2025.01.30 15:04:13,113 [175636894][1.46.2.1063] DEBUG - >>> Вызван метод TaskSelectionForm.OnFormKeyDown...
2025.01.30 15:04:13,114 [175636894][1.46.2.1063] DEBUG - Параметры метода: 
2025.01.30 15:04:13,114 [175636894][1.46.2.1063] DEBUG - 	sender: ScanCity.ConveyerTerminal.DeviceClient.UI.TaskSelectionForm
2025.01.30 15:04:13,114 [175636894][1.46.2.1063] DEBUG - 	e: System.Windows.Forms.KeyEventArgs
2025.01.30 15:04:13,119 [175636894][1.46.2.1063] DEBUG - <<< Метод TaskSelectionForm.OnFormKeyDown успешно завершен. Возвращаемое значение: отсутствует
2025.01.30 15:04:13,301 [175636894][1.46.2.1063] DEBUG - >>> Вызван метод TaskSelectionForm.OnFormKeyDown...
2025.01.30 15:04:13,302 [175636894][1.46.2.1063] DEBUG - Параметры метода: 
2025.01.30 15:04:13,302 [175636894][1.46.2.1063] DEBUG - 	sender: ScanCity.ConveyerTerminal.DeviceClient.UI.TaskSelectionForm
2025.01.30 15:04:13,302 [175636894][1.46.2.1063] DEBUG - 	e: System.Windows.Forms.KeyEventArgs
2025.01.30 15:04:13,307 [175636894][1.46.2.1063] DEBUG - <<< Метод TaskSelectionForm.OnFormKeyDown успешно завершен. Возвращаемое значение: отсутствует
2025.01.30 15:04:13,372 [175636894][1.46.2.1063] DEBUG - >>> Вызван метод TaskSelectionForm.OnForkliftInputted...
2025.01.30 15:04:13,372 [175636894][1.46.2.1063] DEBUG - Параметры метода: 
2025.01.30 15:04:13,372 [175636894][1.46.2.1063] DEBUG - 	sender: InputField (label: ШК погрузчика:, text: telezhka)
2025.01.30 15:04:13,372 [175636894][1.46.2.1063] DEBUG - 	args: InputtedEventArgs (Text: telezhka, Source: Keyboard, BarcodeEventArgs: )
2025.01.30 15:04:13,377 [175636894][1.46.2.1063] DEBUG - >>> Вызван метод BusinessLogicService.ValidateForkliftId...
2025.01.30 15:04:13,378 [175636894][1.46.2.1063] DEBUG - Параметры метода: 
2025.01.30 15:04:13,378 [175636894][1.46.2.1063] DEBUG - 	barcode: telezhka
2025.01.30 15:04:13,436 [175636894][1.46.2.1063] DEBUG - <<< Метод BusinessLogicService.ValidateForkliftId успешно завершен. Возвращаемое значение: True
2025.01.30 15:04:13,441 [175636894][1.46.2.1063] DEBUG - <<< Метод TaskSelectionForm.OnForkliftInputted успешно завершен. Возвращаемое значение: отсутствует
2025.01.30 15:04:14,024 [175636894][1.46.2.1063] DEBUG - >>> Вызван метод TaskSelectionForm.OnFormKeyDown...
2025.01.30 15:04:14,024 [175636894][1.46.2.1063] DEBUG - Параметры метода: 
2025.01.30 15:04:14,024 [175636894][1.46.2.1063] DEBUG - 	sender: ScanCity.ConveyerTerminal.DeviceClient.UI.TaskSelectionForm
2025.01.30 15:04:14,025 [175636894][1.46.2.1063] DEBUG - 	e: System.Windows.Forms.KeyEventArgs
2025.01.30 15:04:14,030 [175636894][1.46.2.1063] DEBUG - <<< Метод TaskSelectionForm.OnFormKeyDown успешно завершен. Возвращаемое значение: отсутствует
2025.01.30 15:04:14,148 [175636894][1.46.2.1063] DEBUG - >>> Вызван метод TaskSelectionForm.OnFormKeyDown...
2025.01.30 15:04:14,148 [175636894][1.46.2.1063] DEBUG - Параметры метода: 
2025.01.30 15:04:14,148 [175636894][1.46.2.1063] DEBUG - 	sender: ScanCity.ConveyerTerminal.DeviceClient.UI.TaskSelectionForm
2025.01.30 15:04:14,149 [175636894][1.46.2.1063] DEBUG - 	e: System.Windows.Forms.KeyEventArgs
2025.01.30 15:04:14,160 [175636894][1.46.2.1063] DEBUG - <<< Метод TaskSelectionForm.OnFormKeyDown успешно завершен. Возвращаемое значение: отсутствует
2025.01.30 15:04:14,265 [175636894][1.46.2.1063] DEBUG - >>> Вызван метод TaskSelectionForm.OnFormKeyDown...
2025.01.30 15:04:14,265 [175636894][1.46.2.1063] DEBUG - Параметры метода: 
2025.01.30 15:04:14,265 [175636894][1.46.2.1063] DEBUG - 	sender: ScanCity.ConveyerTerminal.DeviceClient.UI.TaskSelectionForm
2025.01.30 15:04:14,266 [175636894][1.46.2.1063] DEBUG - 	e: System.Windows.Forms.KeyEventArgs
2025.01.30 15:04:14,271 [175636894][1.46.2.1063] DEBUG - <<< Метод TaskSelectionForm.OnFormKeyDown успешно завершен. Возвращаемое значение: отсутствует
2025.01.30 15:04:14,382 [175636894][1.46.2.1063] DEBUG - >>> Вызван метод TaskSelectionForm.OnFormKeyDown...
2025.01.30 15:04:14,383 [175636894][1.46.2.1063] DEBUG - Параметры метода: 
2025.01.30 15:04:14,383 [175636894][1.46.2.1063] DEBUG - 	sender: ScanCity.ConveyerTerminal.DeviceClient.UI.TaskSelectionForm
2025.01.30 15:04:14,383 [175636894][1.46.2.1063] DEBUG - 	e: System.Windows.Forms.KeyEventArgs
2025.01.30 15:04:14,388 [175636894][1.46.2.1063] DEBUG - <<< Метод TaskSelectionForm.OnFormKeyDown успешно завершен. Возвращаемое значение: отсутствует
2025.01.30 15:04:14,499 [175636894][1.46.2.1063] DEBUG - >>> Вызван метод TaskSelectionForm.OnFormKeyDown...
2025.01.30 15:04:14,500 [175636894][1.46.2.1063] DEBUG - Параметры метода: 
2025.01.30 15:04:14,500 [175636894][1.46.2.1063] DEBUG - 	sender: ScanCity.ConveyerTerminal.DeviceClient.UI.TaskSelectionForm
2025.01.30 15:04:14,500 [175636894][1.46.2.1063] DEBUG - 	e: System.Windows.Forms.KeyEventArgs
2025.01.30 15:04:14,505 [175636894][1.46.2.1063] DEBUG - <<< Метод TaskSelectionForm.OnFormKeyDown успешно завершен. Возвращаемое значение: отсутствует
2025.01.30 15:04:14,616 [175636894][1.46.2.1063] DEBUG - >>> Вызван метод TaskSelectionForm.OnFormKeyDown...
2025.01.30 15:04:14,617 [175636894][1.46.2.1063] DEBUG - Параметры метода: 
2025.01.30 15:04:14,617 [175636894][1.46.2.1063] DEBUG - 	sender: ScanCity.ConveyerTerminal.DeviceClient.UI.TaskSelectionForm
2025.01.30 15:04:14,617 [175636894][1.46.2.1063] DEBUG - 	e: System.Windows.Forms.KeyEventArgs
2025.01.30 15:04:14,622 [175636894][1.46.2.1063] DEBUG - <<< Метод TaskSelectionForm.OnFormKeyDown успешно завершен. Возвращаемое значение: отсутствует
2025.01.30 15:04:14,752 [175636894][1.46.2.1063] DEBUG - >>> Вызван метод TaskSelectionForm.OnFormKeyDown...
2025.01.30 15:04:14,752 [175636894][1.46.2.1063] DEBUG - Параметры метода: 
2025.01.30 15:04:14,752 [175636894][1.46.2.1063] DEBUG - 	sender: ScanCity.ConveyerTerminal.DeviceClient.UI.TaskSelectionForm
2025.01.30 15:04:14,753 [175636894][1.46.2.1063] DEBUG - 	e: System.Windows.Forms.KeyEventArgs
2025.01.30 15:04:14,757 [175636894][1.46.2.1063] DEBUG - <<< Метод TaskSelectionForm.OnFormKeyDown успешно завершен. Возвращаемое значение: отсутствует
2025.01.30 15:04:14,801 [175636894][1.46.2.1063] DEBUG - >>> Вызван метод TaskSelectionForm.OnFormKeyDown...
2025.01.30 15:04:14,801 [175636894][1.46.2.1063] DEBUG - Параметры метода: 
2025.01.30 15:04:14,802 [175636894][1.46.2.1063] DEBUG - 	sender: ScanCity.ConveyerTerminal.DeviceClient.UI.TaskSelectionForm
2025.01.30 15:04:14,802 [175636894][1.46.2.1063] DEBUG - 	e: System.Windows.Forms.KeyEventArgs
2025.01.30 15:04:14,807 [175636894][1.46.2.1063] DEBUG - <<< Метод TaskSelectionForm.OnFormKeyDown успешно завершен. Возвращаемое значение: отсутствует
2025.01.30 15:04:14,944 [175636894][1.46.2.1063] DEBUG - >>> Вызван метод TaskSelectionForm.OnFormKeyDown...
2025.01.30 15:04:14,944 [175636894][1.46.2.1063] DEBUG - Параметры метода: 
2025.01.30 15:04:14,945 [175636894][1.46.2.1063] DEBUG - 	sender: ScanCity.ConveyerTerminal.DeviceClient.UI.TaskSelectionForm
2025.01.30 15:04:14,945 [175636894][1.46.2.1063] DEBUG - 	e: System.Windows.Forms.KeyEventArgs
2025.01.30 15:04:14,950 [175636894][1.46.2.1063] DEBUG - <<< Метод TaskSelectionForm.OnFormKeyDown успешно завершен. Возвращаемое значение: отсутствует
2025.01.30 15:04:15,070 [175636894][1.46.2.1063] DEBUG - >>> Вызван метод TaskSelectionForm.OnFormKeyDown...
2025.01.30 15:04:15,070 [175636894][1.46.2.1063] DEBUG - Параметры метода: 
2025.01.30 15:04:15,070 [175636894][1.46.2.1063] DEBUG - 	sender: ScanCity.ConveyerTerminal.DeviceClient.UI.TaskSelectionForm
2025.01.30 15:04:15,071 [175636894][1.46.2.1063] DEBUG - 	e: System.Windows.Forms.KeyEventArgs
2025.01.30 15:04:15,075 [175636894][1.46.2.1063] DEBUG - <<< Метод TaskSelectionForm.OnFormKeyDown успешно завершен. Возвращаемое значение: отсутствует
2025.01.30 15:04:15,144 [175636894][1.46.2.1063] DEBUG - >>> Вызван метод TaskSelectionForm.OnNearestLocationInputted...
2025.01.30 15:04:15,144 [175636894][1.46.2.1063] DEBUG - Параметры метода: 
2025.01.30 15:04:15,145 [175636894][1.46.2.1063] DEBUG - 	sender: InputField (label: ШК ячейки:, text: 88-888-88)
2025.01.30 15:04:15,145 [175636894][1.46.2.1063] DEBUG - 	args: InputtedEventArgs (Text: 88-888-88, Source: Keyboard, BarcodeEventArgs: )
2025.01.30 15:04:15,150 [175636894][1.46.2.1063] DEBUG - >>> Вызван метод BusinessLogicService.GetUnfinishedTaskAndGoToExecution...
2025.01.30 15:04:15,150 [175636894][1.46.2.1063] DEBUG - Параметры метода: 
2025.01.30 15:04:15,150 [175636894][1.46.2.1063] DEBUG - 	employee: ServiceProxy.EmployeeDto
2025.01.30 15:04:15,155 [175636894][1.46.2.1063] DEBUG - >>> Вызван метод CommonService.IsThereUnfinishedTask...
2025.01.30 15:04:15,155 [175636894][1.46.2.1063] DEBUG - Параметры метода: 
2025.01.30 15:04:15,155 [175636894][1.46.2.1063] DEBUG - 	employeeId: 000046
2025.01.30 15:04:15,223 [175636894][1.46.2.1063] DEBUG - <<< Метод CommonService.IsThereUnfinishedTask успешно завершен. Возвращаемое значение: False
2025.01.30 15:04:15,228 [175636894][1.46.2.1063] DEBUG - <<< Метод BusinessLogicService.GetUnfinishedTaskAndGoToExecution успешно завершен. Возвращаемое значение: False
2025.01.30 15:04:15,234 [175636894][1.46.2.1063] DEBUG - >>> Вызван метод BusinessLogicService.LoadFirstPriorityTask...
2025.01.30 15:04:15,235 [175636894][1.46.2.1063] DEBUG - Параметры метода: 
2025.01.30 15:04:15,235 [175636894][1.46.2.1063] DEBUG - 	employeeId: 000046
2025.01.30 15:04:15,235 [175636894][1.46.2.1063] DEBUG - 	forkliftId: telezhka
2025.01.30 15:04:15,235 [175636894][1.46.2.1063] DEBUG - 	nearestLocationId: 88-888-88
2025.01.30 15:04:15,481 [175636894][1.46.2.1063] DEBUG - <<< Метод BusinessLogicService.LoadFirstPriorityTask успешно завершен. Возвращаемое значение: ServiceProxy.AutoTaskDto
2025.01.30 15:04:15,487 [175636894][1.46.2.1063] DEBUG - Получено наиболее приоритетное задание: #1799147-89 с типом 51
2025.01.30 15:04:15,503 [175636894][1.46.2.1063] DEBUG - Открывается TaskStatisticsForm...
2025.01.30 15:04:15,591 [175636894][1.46.2.1063] DEBUG - >>> Вызван метод TaskStatisticsForm.OnTaskStatisticsFormLoad...
2025.01.30 15:04:15,592 [175636894][1.46.2.1063] DEBUG - Параметры метода: 
2025.01.30 15:04:15,592 [175636894][1.46.2.1063] DEBUG - 	sender: ScanCity.ConveyerTerminal.DeviceClient.UI.Common.TaskStatisticsForm
2025.01.30 15:04:15,592 [175636894][1.46.2.1063] DEBUG - 	e: System.EventArgs
2025.01.30 15:04:15,598 [175636894][1.46.2.1063] DEBUG - >>> Вызван метод CommonService.GetTaskStatistic...
2025.01.30 15:04:15,598 [175636894][1.46.2.1063] DEBUG - Параметры метода: 
2025.01.30 15:04:15,598 [175636894][1.46.2.1063] DEBUG - 	employeeId: 000046
2025.01.30 15:04:15,599 [175636894][1.46.2.1063] DEBUG - 	taskType: Inventory
2025.01.30 15:04:15,599 [175636894][1.46.2.1063] DEBUG - 	locationId: 88-888-88
2025.01.30 15:04:15,983 [175636894][1.46.2.1063] DEBUG - <<< Метод CommonService.GetTaskStatistic успешно завершен. Возвращаемое значение: CommonServiceProxy.TaskStatisticDto
2025.01.30 15:04:15,990 [175636894][1.46.2.1063] DEBUG - <<< Метод TaskStatisticsForm.OnTaskStatisticsFormLoad успешно завершен. Возвращаемое значение: отсутствует
2025.01.30 15:04:17,325 [175636894][1.46.2.1063] DEBUG - >>> Вызван метод TaskStatisticsForm.OnContinueButtonPressed...
2025.01.30 15:04:17,326 [175636894][1.46.2.1063] DEBUG - Параметры метода: 
2025.01.30 15:04:17,326 [175636894][1.46.2.1063] DEBUG - 	sender: PushingButton (name: continueButton, text: Продолжить)
2025.01.30 15:04:17,326 [175636894][1.46.2.1063] DEBUG - 	e: System.EventArgs
2025.01.30 15:04:17,331 [175636894][1.46.2.1063] DEBUG - Закрывается TaskStatisticsForm...
2025.01.30 15:04:17,336 [175636894][1.46.2.1063] DEBUG - <<< Метод TaskStatisticsForm.OnContinueButtonPressed успешно завершен. Возвращаемое значение: отсутствует
2025.01.30 15:04:17,447 [175636894][1.46.2.1063] DEBUG - >>> Вызван метод InventoryService.LoadTask...
2025.01.30 15:04:17,447 [175636894][1.46.2.1063] DEBUG - Параметры метода: 
2025.01.30 15:04:17,447 [175636894][1.46.2.1063] DEBUG - 	taskId: 1799147-89
2025.01.30 15:04:17,693 [175636894][1.46.2.1063] DEBUG - <<< Метод InventoryService.LoadTask успешно завершен. Возвращаемое значение: InventoryServiceProxy.InventoryTaskDto
2025.01.30 15:04:17,708 [175636894][1.46.2.1063] DEBUG - >>> Вызван метод AutoTaskExecutionForm..ctor...
2025.01.30 15:04:17,709 [175636894][1.46.2.1063] DEBUG - Параметры метода: 
2025.01.30 15:04:17,709 [175636894][1.46.2.1063] DEBUG - 	employee: ServiceProxy.EmployeeDto
2025.01.30 15:04:17,709 [175636894][1.46.2.1063] DEBUG - 	task: InventoryServiceProxy.InventoryTaskDto
2025.01.30 15:04:17,848 [175636894][1.46.2.1063] DEBUG - >>> Вызван метод AutoTaskExecutionForm.InitializeBusinessControls...
2025.01.30 15:04:17,855 [175636894][1.46.2.1063] DEBUG - <<< Метод AutoTaskExecutionForm.InitializeBusinessControls успешно завершен. Возвращаемое значение: отсутствует
2025.01.30 15:04:17,862 [175636894][1.46.2.1063] DEBUG - >>> Вызван метод AutoTaskExecutionForm.RenderControls...
2025.01.30 15:04:18,001 [175636894][1.46.2.1063] DEBUG - <<< Метод AutoTaskExecutionForm.RenderControls успешно завершен. Возвращаемое значение: отсутствует
2025.01.30 15:04:18,008 [175636894][1.46.2.1063] DEBUG - >>> Вызван метод AutoTaskExecutionForm.Render...
2025.01.30 15:04:18,059 [175636894][1.46.2.1063] DEBUG - <<< Метод AutoTaskExecutionForm.Render успешно завершен. Возвращаемое значение: отсутствует
2025.01.30 15:04:18,065 [175636894][1.46.2.1063] DEBUG - <<< Метод AutoTaskExecutionForm..ctor успешно завершен. Возвращаемое значение: отсутствует
2025.01.30 15:04:22,064 [175636894][1.46.2.1063] DEBUG - >>> Вызван метод AutoTaskExecutionForm.OnLocationInputted...
2025.01.30 15:04:22,064 [175636894][1.46.2.1063] DEBUG - Параметры метода: 
2025.01.30 15:04:22,065 [175636894][1.46.2.1063] DEBUG - 	sender: InputField (label: 1M15-104-2, text: 1M15-104-2)
2025.01.30 15:04:22,065 [175636894][1.46.2.1063] DEBUG - 	args: InputtedEventArgs (Text: 1M15-104-2, Source: Keyboard, BarcodeEventArgs: )
2025.01.30 15:04:22,071 [175636894][1.46.2.1063] DEBUG - >>> Вызван метод InventoryService.GetItemListByWmsLocation...
2025.01.30 15:04:22,071 [175636894][1.46.2.1063] DEBUG - Параметры метода: 
2025.01.30 15:04:22,071 [175636894][1.46.2.1063] DEBUG - 	warehouse: ЛК_ПД_ЦС
2025.01.30 15:04:22,072 [175636894][1.46.2.1063] DEBUG - 	locationId: 1M15-104-2
2025.01.30 15:04:22,351 [175636894][1.46.2.1063] DEBUG - <<< Метод InventoryService.GetItemListByWmsLocation успешно завершен. Возвращаемое значение: System.Collections.Generic.List`1[[InventoryServiceProxy.NomenclatureRemainsDto, ScanCity.ConveyerTerminal.DeviceClient, Version=1.46.2.1063, Culture=neutral, PublicKeyToken=null]]
2025.01.30 15:04:22,359 [175636894][1.46.2.1063] DEBUG - <<< Метод AutoTaskExecutionForm.OnLocationInputted успешно завершен. Возвращаемое значение: отсутствует
2025.01.30 15:04:22,368 [175636894][1.46.2.1063] DEBUG - >>> Вызван метод AutoTaskExecutionForm.Render...
2025.01.30 15:04:22,448 [175636894][1.46.2.1063] DEBUG - <<< Метод AutoTaskExecutionForm.Render успешно завершен. Возвращаемое значение: отсутствует
2025.01.30 15:04:33,551 [175636894][1.46.2.1063] DEBUG - >>> Вызван метод AutoTaskExecutionForm.OnItemBarcodeInputted...
2025.01.30 15:04:33,551 [175636894][1.46.2.1063] DEBUG - Параметры метода: 
2025.01.30 15:04:33,551 [175636894][1.46.2.1063] DEBUG - 	sender: InputField (label: ШК, text: 0729238169562)
2025.01.30 15:04:33,552 [175636894][1.46.2.1063] DEBUG - 	args: InputtedEventArgs (Text: 0729238169562, Source: Keyboard, BarcodeEventArgs: )
2025.01.30 15:04:33,557 [175636894][1.46.2.1063] DEBUG - >>> Вызван метод CommonService.GetBarcodeInfo...
2025.01.30 15:04:33,558 [175636894][1.46.2.1063] DEBUG - Параметры метода: 
2025.01.30 15:04:33,558 [175636894][1.46.2.1063] DEBUG - 	barcode: 0729238169562
2025.01.30 15:04:33,558 [175636894][1.46.2.1063] DEBUG - 	taskId: 1799147-89
2025.01.30 15:04:33,558 [175636894][1.46.2.1063] DEBUG - 	taskType: Inventory
2025.01.30 15:04:33,558 [175636894][1.46.2.1063] DEBUG - 	itemId: не задано
2025.01.30 15:04:33,643 [175636894][1.46.2.1063] DEBUG - <<< Метод CommonService.GetBarcodeInfo успешно завершен. Возвращаемое значение: CommonServiceProxy.NomenclatureDto
2025.01.30 15:04:33,650 [175636894][1.46.2.1063] DEBUG - >>> Вызван метод InventoryService.ExecFormOnBarcodeInput...
2025.01.30 15:04:33,650 [175636894][1.46.2.1063] DEBUG - Параметры метода: 
2025.01.30 15:04:33,650 [175636894][1.46.2.1063] DEBUG - 	employeeId: 000046
2025.01.30 15:04:33,650 [175636894][1.46.2.1063] DEBUG - 	taskId: 1799147-89
2025.01.30 15:04:33,650 [175636894][1.46.2.1063] DEBUG - 	taskTypeCode: 51
2025.01.30 15:04:33,651 [175636894][1.46.2.1063] DEBUG - 	defect: False
2025.01.30 15:04:33,651 [175636894][1.46.2.1063] DEBUG - 	barcode: 0729238169562
2025.01.30 15:04:33,651 [175636894][1.46.2.1063] DEBUG - 	foundItemId: CNL144660
2025.01.30 15:04:33,651 [175636894][1.46.2.1063] DEBUG - 	errorMessage: не задано
2025.01.30 15:04:33,784 [175636894][1.46.2.1063] DEBUG - <<< Метод InventoryService.ExecFormOnBarcodeInput успешно завершен. Возвращаемое значение: 0
2025.01.30 15:04:33,800 [175636894][1.46.2.1063] DEBUG - <<< Метод AutoTaskExecutionForm.OnItemBarcodeInputted успешно завершен. Возвращаемое значение: отсутствует
2025.01.30 15:04:33,809 [175636894][1.46.2.1063] DEBUG - >>> Вызван метод AutoTaskExecutionForm.Render...
2025.01.30 15:04:33,830 [175636894][1.46.2.1063] DEBUG - <<< Метод AutoTaskExecutionForm.Render успешно завершен. Возвращаемое значение: отсутствует
2025.01.30 15:04:35,232 [175636894][1.46.2.1063] DEBUG - >>> Вызван метод AutoTaskExecutionForm.OnQtyFactInputted...
2025.01.30 15:04:35,232 [175636894][1.46.2.1063] DEBUG - Параметры метода: 
2025.01.30 15:04:35,232 [175636894][1.46.2.1063] DEBUG - 	sender: InputField (label: Факт, text: 1)
2025.01.30 15:04:35,232 [175636894][1.46.2.1063] DEBUG - 	args: InputtedEventArgs (Text: 1, Source: Keyboard, BarcodeEventArgs: )
2025.01.30 15:04:35,240 [175636894][1.46.2.1063] DEBUG - >>> Вызван метод AutoTaskExecutionForm.HandleQtyKeyboardInput...
2025.01.30 15:04:35,240 [175636894][1.46.2.1063] DEBUG - Параметры метода: 
2025.01.30 15:04:35,240 [175636894][1.46.2.1063] DEBUG - 	qtyStr: 1
2025.01.30 15:04:35,241 [175636894][1.46.2.1063] DEBUG - 	isFact: True
2025.01.30 15:04:35,245 [175636894][1.46.2.1063] DEBUG - <<< Метод AutoTaskExecutionForm.HandleQtyKeyboardInput успешно завершен. Возвращаемое значение: отсутствует
2025.01.30 15:04:35,250 [175636894][1.46.2.1063] DEBUG - <<< Метод AutoTaskExecutionForm.OnQtyFactInputted успешно завершен. Возвращаемое значение: отсутствует
2025.01.30 15:04:35,258 [175636894][1.46.2.1063] DEBUG - >>> Вызван метод AutoTaskExecutionForm.Render...
2025.01.30 15:04:35,278 [175636894][1.46.2.1063] DEBUG - <<< Метод AutoTaskExecutionForm.Render успешно завершен. Возвращаемое значение: отсутствует
2025.01.30 15:04:36,601 [175636894][1.46.2.1063] DEBUG - >>> Вызван метод AutoTaskExecutionForm.OnQtyDefectInputted...
2025.01.30 15:04:36,602 [175636894][1.46.2.1063] DEBUG - Параметры метода: 
2025.01.30 15:04:36,602 [175636894][1.46.2.1063] DEBUG - 	sender: InputField (label: Брак, text: 3)
2025.01.30 15:04:36,602 [175636894][1.46.2.1063] DEBUG - 	args: InputtedEventArgs (Text: 3, Source: Keyboard, BarcodeEventArgs: )
2025.01.30 15:04:36,607 [175636894][1.46.2.1063] DEBUG - >>> Вызван метод AutoTaskExecutionForm.HandleQtyKeyboardInput...
2025.01.30 15:04:36,607 [175636894][1.46.2.1063] DEBUG - Параметры метода: 
2025.01.30 15:04:36,608 [175636894][1.46.2.1063] DEBUG - 	qtyStr: 3
2025.01.30 15:04:36,608 [175636894][1.46.2.1063] DEBUG - 	isFact: False
2025.01.30 15:04:36,612 [175636894][1.46.2.1063] DEBUG - <<< Метод AutoTaskExecutionForm.HandleQtyKeyboardInput успешно завершен. Возвращаемое значение: отсутствует
2025.01.30 15:04:36,617 [175636894][1.46.2.1063] DEBUG - <<< Метод AutoTaskExecutionForm.OnQtyDefectInputted успешно завершен. Возвращаемое значение: отсутствует
2025.01.30 15:04:36,625 [175636894][1.46.2.1063] DEBUG - >>> Вызван метод AutoTaskExecutionForm.Render...
2025.01.30 15:04:36,643 [175636894][1.46.2.1063] DEBUG - <<< Метод AutoTaskExecutionForm.Render успешно завершен. Возвращаемое значение: отсутствует
2025.01.30 15:04:36,687 [175636894][1.46.2.1063] DEBUG - reader_ReadNotify
2025.01.30 15:04:36,693 [175636894][1.46.2.1063] DEBUG - reader_ReadNotify: Barcode='', Type='Unknown'
2025.01.30 15:04:36,698 [175636894][1.46.2.1063] DEBUG - reader_ReadNotify - выход
2025.01.30 15:04:38,152 [175636894][1.46.2.1063] DEBUG - >>> Вызван метод AutoTaskExecutionForm.OnExpiredDateInputted...
2025.01.30 15:04:38,152 [175636894][1.46.2.1063] DEBUG - Параметры метода: 
2025.01.30 15:04:38,152 [175636894][1.46.2.1063] DEBUG - 	sender: DateTimeInputField (label: Срок 
2025.01.30 15:04:38,153 [175636894][1.46.2.1063] DEBUG - годности, datetime: 1/30/2025 3:04:35 PM)
2025.01.30 15:04:38,153 [175636894][1.46.2.1063] DEBUG - 	args: ScanCity.ConveyerTerminal.DeviceClient.UI.DateTimeInputtedEventArgs
2025.01.30 15:04:38,159 [175636894][1.46.2.1063] DEBUG - >>> Вызван метод InventoryService.ExecFormOnExpiredDateInput...
2025.01.30 15:04:38,159 [175636894][1.46.2.1063] DEBUG - Параметры метода: 
2025.01.30 15:04:38,160 [175636894][1.46.2.1063] DEBUG - 	employeeId: 000046
2025.01.30 15:04:38,160 [175636894][1.46.2.1063] DEBUG - 	taskId: 1799147-89
2025.01.30 15:04:38,160 [175636894][1.46.2.1063] DEBUG - 	itemId: CNL144660
2025.01.30 15:04:38,160 [175636894][1.46.2.1063] DEBUG - 	expiredDate: 1/30/2025 12:00:00 AM
2025.01.30 15:04:38,160 [175636894][1.46.2.1063] DEBUG - 	errorMessage: не задано
2025.01.30 15:04:38,317 [175636894][1.46.2.1063] DEBUG - <<< Метод InventoryService.ExecFormOnExpiredDateInput успешно завершен. Возвращаемое значение: 0
2025.01.30 15:04:38,323 [175636894][1.46.2.1063] DEBUG - >>> Вызван метод InventoryService.CommitTaskLine...
2025.01.30 15:04:38,324 [175636894][1.46.2.1063] DEBUG - Параметры метода: 
2025.01.30 15:04:38,324 [175636894][1.46.2.1063] DEBUG - 	employeeId: 000046
2025.01.30 15:04:38,324 [175636894][1.46.2.1063] DEBUG - 	line: InventoryServiceProxy.InventoryTaskLineDto
2025.01.30 15:04:38,462 [175636894][1.46.2.1063] DEBUG - <<< Метод InventoryService.CommitTaskLine успешно завершен. Возвращаемое значение: 0
2025.01.30 15:04:38,468 [175636894][1.46.2.1063] DEBUG - <<< Метод AutoTaskExecutionForm.OnExpiredDateInputted успешно завершен. Возвращаемое значение: отсутствует
2025.01.30 15:04:38,476 [175636894][1.46.2.1063] DEBUG - >>> Вызван метод AutoTaskExecutionForm.Render...
2025.01.30 15:04:38,492 [175636894][1.46.2.1063] DEBUG - <<< Метод AutoTaskExecutionForm.Render успешно завершен. Возвращаемое значение: отсутствует
2025.01.30 15:04:42,180 [175636894][1.46.2.1063] DEBUG - >>> Вызван метод AutoTaskExecutionForm.OnFinishButtonClick...
2025.01.30 15:04:42,181 [175636894][1.46.2.1063] DEBUG - Параметры метода: 
2025.01.30 15:04:42,181 [175636894][1.46.2.1063] DEBUG - 	sender: PushingButton (name: finishButton, text: Завершить)
2025.01.30 15:04:42,181 [175636894][1.46.2.1063] DEBUG - 	e: System.EventArgs
2025.01.30 15:04:42,187 [175636894][1.46.2.1063] INFO - Выведено информационное сообщение: Сдайте брак в оптимизацию!
2025.01.30 15:04:42,244 [175636894][1.46.2.1063] DEBUG - reader_ReadNotify
2025.01.30 15:04:42,249 [175636894][1.46.2.1063] DEBUG - reader_ReadNotify: Barcode='', Type='Unknown'
2025.01.30 15:04:42,254 [175636894][1.46.2.1063] DEBUG - reader_ReadNotify - выход
2025.01.30 15:05:42,063 [197853610][(null)] DEBUG - POWER_BROADCAST: Message=PBT_TRANSITION, Flags=POWER_STATE_ON, POWER_STATE_PASSWORD (0x10010000)
2025.01.30 15:07:43,417 [197853610][(null)] DEBUG - POWER_BROADCAST: Message=PBT_TRANSITION, Flags=POWER_STATE_ON, POWER_STATE_PASSWORD (0x12010000)
2025.01.30 15:07:43,749 [175636894][1.46.2.1063] DEBUG - <<< Метод AutoTaskExecutionForm.OnFinishButtonClick успешно завершен. Возвращаемое значение: отсутствует
2025.01.30 15:07:43,759 [175636894][1.46.2.1063] DEBUG - >>> Вызван метод AutoTaskExecutionForm.Render...
2025.01.30 15:07:43,783 [175636894][1.46.2.1063] DEBUG - <<< Метод AutoTaskExecutionForm.Render успешно завершен. Возвращаемое значение: отсутствует
2025.01.30 15:07:53,062 [175636894][1.46.2.1063] DEBUG - >>> Вызван метод AutoTaskExecutionForm.OnLocationInputted...
2025.01.30 15:07:53,062 [175636894][1.46.2.1063] DEBUG - Параметры метода: 
2025.01.30 15:07:53,063 [175636894][1.46.2.1063] DEBUG - 	sender: InputField (label: BRAK_1FL, text: BRAK_1FL)
2025.01.30 15:07:53,063 [175636894][1.46.2.1063] DEBUG - 	args: InputtedEventArgs (Text: BRAK_1FL, Source: Keyboard, BarcodeEventArgs: )
2025.01.30 15:07:53,068 [175636894][1.46.2.1063] DEBUG - >>> Вызван метод InventoryService.GetItemListByWmsLocation...
2025.01.30 15:07:53,068 [175636894][1.46.2.1063] DEBUG - Параметры метода: 
2025.01.30 15:07:53,069 [175636894][1.46.2.1063] DEBUG - 	warehouse: ЛК_ПД_ЦС
2025.01.30 15:07:53,069 [175636894][1.46.2.1063] DEBUG - 	locationId: BRAK_1FL
2025.01.30 15:08:05,432 [175636894][1.46.2.1063] DEBUG - Метод InventoryService.GetItemListByWmsLocation выбросил исключение Microsoft.Tools.ServiceModel.CFFaultException
2025.01.30 15:08:05,432 [175636894][1.46.2.1063] DEBUG - The maximum message size quota for incoming messages (65536) has been exceeded. To increase the quota, use the MaxReceivedMessageSize property on the appropriate binding element.
2025.01.30 15:08:05,433 [175636894][1.46.2.1063] DEBUG -    at Microsoft.Tools.ServiceModel.CFClientBase`1.processReply(Message reply)
2025.01.30 15:08:05,433 [175636894][1.46.2.1063] DEBUG -    at Microsoft.Tools.ServiceModel.CFClientBase`1.getResult[TRESPONSE](Message reply, CFInvokeInfo info)
2025.01.30 15:08:05,433 [175636894][1.46.2.1063] DEBUG -    at Microsoft.Tools.ServiceModel.CFClientBase`1.Invoke[TREQUEST,TRESPONSE](CFInvokeInfo info, GetItemListByWmsLocationRequest request)
2025.01.30 15:08:05,434 [175636894][1.46.2.1063] DEBUG -    at InventoryServiceProxy.InventoryServiceClient.GetItemListByWmsLocation(GetItemListByWmsLocationRequest request)
2025.01.30 15:08:05,434 [175636894][1.46.2.1063] DEBUG -    at InventoryServiceProxy.InventoryServiceClient.GetItemListByWmsLocation(String warehouse, String locationId)
2025.01.30 15:08:05,434 [175636894][1.46.2.1063] DEBUG -    at ScanCity.ConveyerTerminal.DeviceClient.BLL.Services.InventoryService.GetItemListByWmsLocation(String warehouse, String locationId)
2025.01.30 15:08:05,434 [175636894][1.46.2.1063] DEBUG -    at ScanCity.ConveyerTerminal.DeviceClient.UI.Inventory.AutoTaskExecutionForm.OnLocationInputted(Object sender, InputtedEventArgs args)
2025.01.30 15:08:05,434 [175636894][1.46.2.1063] DEBUG -    at ScanCity.ConveyerTerminal.DeviceClient.UI.InputField.OnTextBoxKeyDown(Object sender, KeyEventArgs e)
2025.01.30 15:08:05,435 [175636894][1.46.2.1063] DEBUG -    at System.Windows.Forms.Control.OnKeyDown(KeyEventArgs e)
2025.01.30 15:08:05,435 [175636894][1.46.2.1063] DEBUG -    at System.Windows.Forms.Control.WnProc(WM wm, Int32 wParam, Int32 lParam)
2025.01.30 15:08:05,435 [175636894][1.46.2.1063] DEBUG -    at System.Windows.Forms.Control._InternalWnProc(WM wm, Int32 wParam, Int32 lParam)
2025.01.30 15:08:05,435 [175636894][1.46.2.1063] DEBUG -    at Microsoft.AGL.Forms.EVL.EnterModalDialog(IntPtr hwnModal)
2025.01.30 15:08:05,435 [175636894][1.46.2.1063] DEBUG -    at System.Windows.Forms.Form.ShowDialog()
2025.01.30 15:08:05,436 [175636894][1.46.2.1063] DEBUG -    at ScanCity.ConveyerTerminal.DeviceClient.UI.TaskSelectionForm.OnNearestLocationInputted(Object sender, InputtedEventArgs args)
2025.01.30 15:08:05,436 [175636894][1.46.2.1063] DEBUG -    at ScanCity.ConveyerTerminal.DeviceClient.UI.InputField.OnTextBoxKeyDown(Object sender, KeyEventArgs e)
2025.01.30 15:08:05,436 [175636894][1.46.2.1063] DEBUG -    at System.Windows.Forms.Control.OnKeyDown(KeyEventArgs e)
2025.01.30 15:08:05,436 [175636894][1.46.2.1063] DEBUG -    at System.Windows.Forms.Control.WnProc(WM wm, Int32 wParam, Int32 lParam)
2025.01.30 15:08:05,437 [175636894][1.46.2.1063] DEBUG -    at System.Windows.Forms.Control._InternalWnProc(WM wm, Int32 wParam, Int32 lParam)
2025.01.30 15:08:05,437 [175636894][1.46.2.1063] DEBUG -    at Microsoft.AGL.Forms.EVL.EnterModalDialog(IntPtr hwnModal)
2025.01.30 15:08:05,437 [175636894][1.46.2.1063] DEBUG -    at System.Windows.Forms.Form.ShowDialog()
2025.01.30 15:08:05,437 [175636894][1.46.2.1063] DEBUG -    at ScanCity.ConveyerTerminal.DeviceClient.UI.AuthenticationForm.OnEmployeeInputted(Object sender, InputtedEventArgs args)
2025.01.30 15:08:05,438 [175636894][1.46.2.1063] DEBUG -    at ScanCity.ConveyerTerminal.DeviceClient.UI.InputField.OnTextBoxKeyDown(Object sender, KeyEventArgs e)
2025.01.30 15:08:05,438 [175636894][1.46.2.1063] DEBUG -    at System.Windows.Forms.Control.OnKeyDown(KeyEventArgs e)
2025.01.30 15:08:05,438 [175636894][1.46.2.1063] DEBUG -    at System.Windows.Forms.Control.WnProc(WM wm, Int32 wParam, Int32 lParam)
2025.01.30 15:08:05,438 [175636894][1.46.2.1063] DEBUG -    at System.Windows.Forms.Control._InternalWnProc(WM wm, Int32 wParam, Int32 lParam)
2025.01.30 15:08:05,439 [175636894][1.46.2.1063] DEBUG -    at Microsoft.AGL.Forms.EVL.EnterMainLoop(IntPtr hwnMain)
2025.01.30 15:08:05,439 [175636894][1.46.2.1063] DEBUG -    at System.Windows.Forms.Application.Run(Form fm)
2025.01.30 15:08:05,439 [175636894][1.46.2.1063] DEBUG -    at ScanCity.ConveyerTerminal.DeviceClient.Program.Main(String[] args)
2025.01.30 15:08:05,439 [175636894][1.46.2.1063] DEBUG - .
2025.01.30 15:08:05,450 [175636894][1.46.2.1063] DEBUG - Метод AutoTaskExecutionForm.OnLocationInputted выбросил исключение Microsoft.Tools.ServiceModel.CFFaultException
2025.01.30 15:08:05,450 [175636894][1.46.2.1063] DEBUG - The maximum message size quota for incoming messages (65536) has been exceeded. To increase the quota, use the MaxReceivedMessageSize property on the appropriate binding element.
2025.01.30 15:08:05,450 [175636894][1.46.2.1063] DEBUG -    at Microsoft.Tools.ServiceModel.CFClientBase`1.processReply(Message reply)
2025.01.30 15:08:05,451 [175636894][1.46.2.1063] DEBUG -    at Microsoft.Tools.ServiceModel.CFClientBase`1.getResult[TRESPONSE](Message reply, CFInvokeInfo info)
2025.01.30 15:08:05,451 [175636894][1.46.2.1063] DEBUG -    at Microsoft.Tools.ServiceModel.CFClientBase`1.Invoke[TREQUEST,TRESPONSE](CFInvokeInfo info, GetItemListByWmsLocationRequest request)
2025.01.30 15:08:05,451 [175636894][1.46.2.1063] DEBUG -    at InventoryServiceProxy.InventoryServiceClient.GetItemListByWmsLocation(GetItemListByWmsLocationRequest request)
2025.01.30 15:08:05,451 [175636894][1.46.2.1063] DEBUG -    at InventoryServiceProxy.InventoryServiceClient.GetItemListByWmsLocation(String warehouse, String locationId)
2025.01.30 15:08:05,451 [175636894][1.46.2.1063] DEBUG -    at ScanCity.ConveyerTerminal.DeviceClient.BLL.Services.InventoryService.GetItemListByWmsLocation(String warehouse, String locationId)
2025.01.30 15:08:05,452 [175636894][1.46.2.1063] DEBUG -    at ScanCity.ConveyerTerminal.DeviceClient.UI.Inventory.AutoTaskExecutionForm.OnLocationInputted(Object sender, InputtedEventArgs args)
2025.01.30 15:08:05,452 [175636894][1.46.2.1063] DEBUG -    at ScanCity.ConveyerTerminal.DeviceClient.UI.InputField.OnTextBoxKeyDown(Object sender, KeyEventArgs e)
2025.01.30 15:08:05,452 [175636894][1.46.2.1063] DEBUG -    at System.Windows.Forms.Control.OnKeyDown(KeyEventArgs e)
2025.01.30 15:08:05,452 [175636894][1.46.2.1063] DEBUG -    at System.Windows.Forms.Control.WnProc(WM wm, Int32 wParam, Int32 lParam)
2025.01.30 15:08:05,452 [175636894][1.46.2.1063] DEBUG -    at System.Windows.Forms.Control._InternalWnProc(WM wm, Int32 wParam, Int32 lParam)
2025.01.30 15:08:05,453 [175636894][1.46.2.1063] DEBUG -    at Microsoft.AGL.Forms.EVL.EnterModalDialog(IntPtr hwnModal)
2025.01.30 15:08:05,453 [175636894][1.46.2.1063] DEBUG -    at System.Windows.Forms.Form.ShowDialog()
2025.01.30 15:08:05,453 [175636894][1.46.2.1063] DEBUG -    at ScanCity.ConveyerTerminal.DeviceClient.UI.TaskSelectionForm.OnNearestLocationInputted(Object sender, InputtedEventArgs args)
2025.01.30 15:08:05,453 [175636894][1.46.2.1063] DEBUG -    at ScanCity.ConveyerTerminal.DeviceClient.UI.InputField.OnTextBoxKeyDown(Object sender, KeyEventArgs e)
2025.01.30 15:08:05,454 [175636894][1.46.2.1063] DEBUG -    at System.Windows.Forms.Control.OnKeyDown(KeyEventArgs e)
2025.01.30 15:08:05,454 [175636894][1.46.2.1063] DEBUG -    at System.Windows.Forms.Control.WnProc(WM wm, Int32 wParam, Int32 lParam)
2025.01.30 15:08:05,454 [175636894][1.46.2.1063] DEBUG -    at System.Windows.Forms.Control._InternalWnProc(WM wm, Int32 wParam, Int32 lParam)
2025.01.30 15:08:05,454 [175636894][1.46.2.1063] DEBUG -    at Microsoft.AGL.Forms.EVL.EnterModalDialog(IntPtr hwnModal)
2025.01.30 15:08:05,455 [175636894][1.46.2.1063] DEBUG -    at System.Windows.Forms.Form.ShowDialog()
2025.01.30 15:08:05,455 [175636894][1.46.2.1063] DEBUG -    at ScanCity.ConveyerTerminal.DeviceClient.UI.AuthenticationForm.OnEmployeeInputted(Object sender, InputtedEventArgs args)
2025.01.30 15:08:05,455 [175636894][1.46.2.1063] DEBUG -    at ScanCity.ConveyerTerminal.DeviceClient.UI.InputField.OnTextBoxKeyDown(Object sender, KeyEventArgs e)
2025.01.30 15:08:05,455 [175636894][1.46.2.1063] DEBUG -    at System.Windows.Forms.Control.OnKeyDown(KeyEventArgs e)
2025.01.30 15:08:05,456 [175636894][1.46.2.1063] DEBUG -    at System.Windows.Forms.Control.WnProc(WM wm, Int32 wParam, Int32 lParam)
2025.01.30 15:08:05,456 [175636894][1.46.2.1063] DEBUG -    at System.Windows.Forms.Control._InternalWnProc(WM wm, Int32 wParam, Int32 lParam)
2025.01.30 15:08:05,456 [175636894][1.46.2.1063] DEBUG -    at Microsoft.AGL.Forms.EVL.EnterMainLoop(IntPtr hwnMain)
2025.01.30 15:08:05,456 [175636894][1.46.2.1063] DEBUG -    at System.Windows.Forms.Application.Run(Form fm)
2025.01.30 15:08:05,457 [175636894][1.46.2.1063] DEBUG -    at ScanCity.ConveyerTerminal.DeviceClient.Program.Main(String[] args)
2025.01.30 15:08:05,457 [175636894][1.46.2.1063] DEBUG - .
2025.01.30 15:08:05,467 [175636894][1.46.2.1063] DEBUG - Произошла ошибка при выполнении обработки: Microsoft.Tools.ServiceModel.CFFaultException
2025.01.30 15:08:05,467 [175636894][1.46.2.1063] DEBUG - The maximum message size quota for incoming messages (65536) has been exceeded. To increase the quota, use the MaxReceivedMessageSize property on the appropriate binding element.
2025.01.30 15:08:05,468 [175636894][1.46.2.1063] DEBUG -    at Microsoft.Tools.ServiceModel.CFClientBase`1.processReply(Message reply)
2025.01.30 15:08:05,468 [175636894][1.46.2.1063] DEBUG -    at Microsoft.Tools.ServiceModel.CFClientBase`1.getResult[TRESPONSE](Message reply, CFInvokeInfo info)
2025.01.30 15:08:05,468 [175636894][1.46.2.1063] DEBUG -    at Microsoft.Tools.ServiceModel.CFClientBase`1.Invoke[TREQUEST,TRESPONSE](CFInvokeInfo info, GetItemListByWmsLocationRequest request)
2025.01.30 15:08:05,468 [175636894][1.46.2.1063] DEBUG -    at InventoryServiceProxy.InventoryServiceClient.GetItemListByWmsLocation(GetItemListByWmsLocationRequest request)
2025.01.30 15:08:05,468 [175636894][1.46.2.1063] DEBUG -    at InventoryServiceProxy.InventoryServiceClient.GetItemListByWmsLocation(String warehouse, String locationId)
2025.01.30 15:08:05,469 [175636894][1.46.2.1063] DEBUG -    at ScanCity.ConveyerTerminal.DeviceClient.BLL.Services.InventoryService.GetItemListByWmsLocation(String warehouse, String locationId)
2025.01.30 15:08:05,469 [175636894][1.46.2.1063] DEBUG -    at ScanCity.ConveyerTerminal.DeviceClient.UI.Inventory.AutoTaskExecutionForm.OnLocationInputted(Object sender, InputtedEventArgs args)
2025.01.30 15:08:05,469 [175636894][1.46.2.1063] DEBUG -    at ScanCity.ConveyerTerminal.DeviceClient.UI.InputField.OnTextBoxKeyDown(Object sender, KeyEventArgs e)
2025.01.30 15:08:05,469 [175636894][1.46.2.1063] DEBUG -    at System.Windows.Forms.Control.OnKeyDown(KeyEventArgs e)
2025.01.30 15:08:05,469 [175636894][1.46.2.1063] DEBUG -    at System.Windows.Forms.Control.WnProc(WM wm, Int32 wParam, Int32 lParam)
2025.01.30 15:08:05,470 [175636894][1.46.2.1063] DEBUG -    at System.Windows.Forms.Control._InternalWnProc(WM wm, Int32 wParam, Int32 lParam)
2025.01.30 15:08:05,470 [175636894][1.46.2.1063] DEBUG -    at Microsoft.AGL.Forms.EVL.EnterModalDialog(IntPtr hwnModal)
2025.01.30 15:08:05,470 [175636894][1.46.2.1063] DEBUG -    at System.Windows.Forms.Form.ShowDialog()
2025.01.30 15:08:05,470 [175636894][1.46.2.1063] DEBUG -    at ScanCity.ConveyerTerminal.DeviceClient.UI.TaskSelectionForm.OnNearestLocationInputted(Object sender, InputtedEventArgs args)
2025.01.30 15:08:05,471 [175636894][1.46.2.1063] DEBUG -    at ScanCity.ConveyerTerminal.DeviceClient.UI.InputField.OnTextBoxKeyDown(Object sender, KeyEventArgs e)
2025.01.30 15:08:05,471 [175636894][1.46.2.1063] DEBUG -    at System.Windows.Forms.Control.OnKeyDown(KeyEventArgs e)
2025.01.30 15:08:05,471 [175636894][1.46.2.1063] DEBUG -    at System.Windows.Forms.Control.WnProc(WM wm, Int32 wParam, Int32 lParam)
2025.01.30 15:08:05,471 [175636894][1.46.2.1063] DEBUG -    at System.Windows.Forms.Control._InternalWnProc(WM wm, Int32 wParam, Int32 lParam)
2025.01.30 15:08:05,471 [175636894][1.46.2.1063] DEBUG -    at Microsoft.AGL.Forms.EVL.EnterModalDialog(IntPtr hwnModal)
2025.01.30 15:08:05,472 [175636894][1.46.2.1063] DEBUG -    at System.Windows.Forms.Form.ShowDialog()
2025.01.30 15:08:05,472 [175636894][1.46.2.1063] DEBUG -    at ScanCity.ConveyerTerminal.DeviceClient.UI.AuthenticationForm.OnEmployeeInputted(Object sender, InputtedEventArgs args)
2025.01.30 15:08:05,472 [175636894][1.46.2.1063] DEBUG -    at ScanCity.ConveyerTerminal.DeviceClient.UI.InputField.OnTextBoxKeyDown(Object sender, KeyEventArgs e)
2025.01.30 15:08:05,472 [175636894][1.46.2.1063] DEBUG -    at System.Windows.Forms.Control.OnKeyDown(KeyEventArgs e)
2025.01.30 15:08:05,473 [175636894][1.46.2.1063] DEBUG -    at System.Windows.Forms.Control.WnProc(WM wm, Int32 wParam, Int32 lParam)
2025.01.30 15:08:05,473 [175636894][1.46.2.1063] DEBUG -    at System.Windows.Forms.Control._InternalWnProc(WM wm, Int32 wParam, Int32 lParam)
2025.01.30 15:08:05,473 [175636894][1.46.2.1063] DEBUG -    at Microsoft.AGL.Forms.EVL.EnterMainLoop(IntPtr hwnMain)
2025.01.30 15:08:05,473 [175636894][1.46.2.1063] DEBUG -    at System.Windows.Forms.Application.Run(Form fm)
2025.01.30 15:08:05,473 [175636894][1.46.2.1063] DEBUG -    at ScanCity.ConveyerTerminal.DeviceClient.Program.Main(String[] args)
2025.01.30 15:08:05,535 [175636894][1.46.2.1063] DEBUG - reader_ReadNotify
2025.01.30 15:08:05,540 [175636894][1.46.2.1063] DEBUG - reader_ReadNotify: Barcode='', Type='Unknown'
2025.01.30 15:08:05,545 [175636894][1.46.2.1063] DEBUG - reader_ReadNotify - выход
2025.01.30 15:08:07,084 [175636894][1.46.2.1063] ERROR - Выведено сообщение об ошибке:
Произошла ошибка при выполнении обработки!
2025.01.30 15:08:07,097 [175636894][1.46.2.1063] DEBUG - >>> Вызван метод AutoTaskExecutionForm.Render...
2025.01.30 15:08:07,113 [175636894][1.46.2.1063] DEBUG - <<< Метод AutoTaskExecutionForm.Render успешно завершен. Возвращаемое значение: отсутствует
2025.01.30 15:08:09,107 [175636894][1.46.2.1063] DEBUG - >>> Вызван метод AutoTaskExecutionForm.OnFinishButtonClick...
2025.01.30 15:08:09,108 [175636894][1.46.2.1063] DEBUG - Параметры метода: 
2025.01.30 15:08:09,108 [175636894][1.46.2.1063] DEBUG - 	sender: PushingButton (name: finishButton, text: Завершить)
2025.01.30 15:08:09,108 [175636894][1.46.2.1063] DEBUG - 	e: System.EventArgs
2025.01.30 15:08:09,114 [175636894][1.46.2.1063] DEBUG - >>> Вызван метод CommonService.FinishTask...
2025.01.30 15:08:09,114 [175636894][1.46.2.1063] DEBUG - Параметры метода: 
2025.01.30 15:08:09,115 [175636894][1.46.2.1063] DEBUG - 	employeeId: 000046
2025.01.30 15:08:09,115 [175636894][1.46.2.1063] DEBUG - 	taskId: 1799147-89
2025.01.30 15:08:09,115 [175636894][1.46.2.1063] DEBUG - 	taskType: 51
2025.01.30 15:08:09,196 [175636894][1.46.2.1063] DEBUG - <<< Метод CommonService.FinishTask успешно завершен. Возвращаемое значение: 0
2025.01.30 15:08:09,201 [175636894][1.46.2.1063] DEBUG - <<< Метод AutoTaskExecutionForm.OnFinishButtonClick успешно завершен. Возвращаемое значение: отсутствует
2025.01.30 15:08:09,211 [175636894][1.46.2.1063] DEBUG - >>> Вызван метод AutoTaskExecutionForm.Render...
2025.01.30 15:08:09,226 [175636894][1.46.2.1063] DEBUG - <<< Метод AutoTaskExecutionForm.Render успешно завершен. Возвращаемое значение: отсутствует
2025.01.30 15:08:09,337 [175636894][1.46.2.1063] DEBUG - <<< Метод TaskSelectionForm.OnNearestLocationInputted успешно завершен. Возвращаемое значение: отсутствует
2025.01.30 15:08:17,038 [175636894][1.46.2.1063] DEBUG - >>> Вызван метод TaskSelectionForm.OnFormKeyDown...
2025.01.30 15:08:17,039 [175636894][1.46.2.1063] DEBUG - Параметры метода: 
2025.01.30 15:08:17,039 [175636894][1.46.2.1063] DEBUG - 	sender: ScanCity.ConveyerTerminal.DeviceClient.UI.TaskSelectionForm
2025.01.30 15:08:17,039 [175636894][1.46.2.1063] DEBUG - 	e: System.Windows.Forms.KeyEventArgs
2025.01.30 15:08:17,044 [175636894][1.46.2.1063] DEBUG - <<< Метод TaskSelectionForm.OnFormKeyDown успешно завершен. Возвращаемое значение: отсутствует
2025.01.30 15:08:17,091 [175636894][1.46.2.1063] DEBUG - >>> Вызван метод TaskSelectionForm.OnFormKeyDown...
2025.01.30 15:08:17,091 [175636894][1.46.2.1063] DEBUG - Параметры метода: 
2025.01.30 15:08:17,091 [175636894][1.46.2.1063] DEBUG - 	sender: ScanCity.ConveyerTerminal.DeviceClient.UI.TaskSelectionForm
2025.01.30 15:08:17,092 [175636894][1.46.2.1063] DEBUG - 	e: System.Windows.Forms.KeyEventArgs
2025.01.30 15:08:17,096 [175636894][1.46.2.1063] DEBUG - <<< Метод TaskSelectionForm.OnFormKeyDown успешно завершен. Возвращаемое значение: отсутствует
2025.01.30 15:08:17,259 [175636894][1.46.2.1063] DEBUG - >>> Вызван метод TaskSelectionForm.OnFormKeyDown...
2025.01.30 15:08:17,259 [175636894][1.46.2.1063] DEBUG - Параметры метода: 
2025.01.30 15:08:17,260 [175636894][1.46.2.1063] DEBUG - 	sender: ScanCity.ConveyerTerminal.DeviceClient.UI.TaskSelectionForm
2025.01.30 15:08:17,260 [175636894][1.46.2.1063] DEBUG - 	e: System.Windows.Forms.KeyEventArgs
2025.01.30 15:08:17,265 [175636894][1.46.2.1063] DEBUG - <<< Метод TaskSelectionForm.OnFormKeyDown успешно завершен. Возвращаемое значение: отсутствует
2025.01.30 15:08:17,310 [175636894][1.46.2.1063] DEBUG - >>> Вызван метод TaskSelectionForm.OnFormKeyDown...
2025.01.30 15:08:17,311 [175636894][1.46.2.1063] DEBUG - Параметры метода: 
2025.01.30 15:08:17,311 [175636894][1.46.2.1063] DEBUG - 	sender: ScanCity.ConveyerTerminal.DeviceClient.UI.TaskSelectionForm
2025.01.30 15:08:17,311 [175636894][1.46.2.1063] DEBUG - 	e: System.Windows.Forms.KeyEventArgs
2025.01.30 15:08:17,316 [175636894][1.46.2.1063] DEBUG - <<< Метод TaskSelectionForm.OnFormKeyDown успешно завершен. Возвращаемое значение: отсутствует
2025.01.30 15:08:17,473 [175636894][1.46.2.1063] DEBUG - >>> Вызван метод TaskSelectionForm.OnFormKeyDown...
2025.01.30 15:08:17,473 [175636894][1.46.2.1063] DEBUG - Параметры метода: 
2025.01.30 15:08:17,473 [175636894][1.46.2.1063] DEBUG - 	sender: ScanCity.ConveyerTerminal.DeviceClient.UI.TaskSelectionForm
2025.01.30 15:08:17,473 [175636894][1.46.2.1063] DEBUG - 	e: System.Windows.Forms.KeyEventArgs
2025.01.30 15:08:17,478 [175636894][1.46.2.1063] DEBUG - <<< Метод TaskSelectionForm.OnFormKeyDown успешно завершен. Возвращаемое значение: отсутствует
2025.01.30 15:08:17,587 [175636894][1.46.2.1063] DEBUG - >>> Вызван метод TaskSelectionForm.OnFormKeyDown...
2025.01.30 15:08:17,587 [175636894][1.46.2.1063] DEBUG - Параметры метода: 
2025.01.30 15:08:17,587 [175636894][1.46.2.1063] DEBUG - 	sender: ScanCity.ConveyerTerminal.DeviceClient.UI.TaskSelectionForm
2025.01.30 15:08:17,588 [175636894][1.46.2.1063] DEBUG - 	e: System.Windows.Forms.KeyEventArgs
2025.01.30 15:08:17,592 [175636894][1.46.2.1063] DEBUG - <<< Метод TaskSelectionForm.OnFormKeyDown успешно завершен. Возвращаемое значение: отсутствует
2025.01.30 15:08:17,737 [175636894][1.46.2.1063] DEBUG - >>> Вызван метод TaskSelectionForm.OnFormKeyDown...
2025.01.30 15:08:17,738 [175636894][1.46.2.1063] DEBUG - Параметры метода: 
2025.01.30 15:08:17,738 [175636894][1.46.2.1063] DEBUG - 	sender: ScanCity.ConveyerTerminal.DeviceClient.UI.TaskSelectionForm
2025.01.30 15:08:17,738 [175636894][1.46.2.1063] DEBUG - 	e: System.Windows.Forms.KeyEventArgs
2025.01.30 15:08:17,743 [175636894][1.46.2.1063] DEBUG - <<< Метод TaskSelectionForm.OnFormKeyDown успешно завершен. Возвращаемое значение: отсутствует
2025.01.30 15:08:17,816 [175636894][1.46.2.1063] DEBUG - >>> Вызван метод TaskSelectionForm.OnFormKeyDown...
2025.01.30 15:08:17,816 [175636894][1.46.2.1063] DEBUG - Параметры метода: 
2025.01.30 15:08:17,816 [175636894][1.46.2.1063] DEBUG - 	sender: ScanCity.ConveyerTerminal.DeviceClient.UI.TaskSelectionForm
2025.01.30 15:08:17,817 [175636894][1.46.2.1063] DEBUG - 	e: System.Windows.Forms.KeyEventArgs
2025.01.30 15:08:17,821 [175636894][1.46.2.1063] DEBUG - <<< Метод TaskSelectionForm.OnFormKeyDown успешно завершен. Возвращаемое значение: отсутствует
2025.01.30 15:08:17,995 [175636894][1.46.2.1063] DEBUG - >>> Вызван метод TaskSelectionForm.OnFormKeyDown...
2025.01.30 15:08:17,996 [175636894][1.46.2.1063] DEBUG - Параметры метода: 
2025.01.30 15:08:17,996 [175636894][1.46.2.1063] DEBUG - 	sender: ScanCity.ConveyerTerminal.DeviceClient.UI.TaskSelectionForm
2025.01.30 15:08:17,996 [175636894][1.46.2.1063] DEBUG - 	e: System.Windows.Forms.KeyEventArgs
2025.01.30 15:08:18,001 [175636894][1.46.2.1063] DEBUG - <<< Метод TaskSelectionForm.OnFormKeyDown успешно завершен. Возвращаемое значение: отсутствует
2025.01.30 15:08:18,067 [175636894][1.46.2.1063] DEBUG - >>> Вызван метод TaskSelectionForm.OnForkliftInputted...
2025.01.30 15:08:18,067 [175636894][1.46.2.1063] DEBUG - Параметры метода: 
2025.01.30 15:08:18,068 [175636894][1.46.2.1063] DEBUG - 	sender: InputField (label: ШК погрузчика:, text: telezhka)
2025.01.30 15:08:18,068 [175636894][1.46.2.1063] DEBUG - 	args: InputtedEventArgs (Text: telezhka, Source: Keyboard, BarcodeEventArgs: )
2025.01.30 15:08:18,073 [175636894][1.46.2.1063] DEBUG - >>> Вызван метод BusinessLogicService.ValidateForkliftId...
2025.01.30 15:08:18,073 [175636894][1.46.2.1063] DEBUG - Параметры метода: 
2025.01.30 15:08:18,073 [175636894][1.46.2.1063] DEBUG - 	barcode: telezhka
2025.01.30 15:08:18,143 [175636894][1.46.2.1063] DEBUG - <<< Метод BusinessLogicService.ValidateForkliftId успешно завершен. Возвращаемое значение: True
2025.01.30 15:08:18,148 [175636894][1.46.2.1063] DEBUG - <<< Метод TaskSelectionForm.OnForkliftInputted успешно завершен. Возвращаемое значение: отсутствует
2025.01.30 15:08:18,671 [175636894][1.46.2.1063] DEBUG - >>> Вызван метод TaskSelectionForm.OnFormKeyDown...
2025.01.30 15:08:18,671 [175636894][1.46.2.1063] DEBUG - Параметры метода: 
2025.01.30 15:08:18,672 [175636894][1.46.2.1063] DEBUG - 	sender: ScanCity.ConveyerTerminal.DeviceClient.UI.TaskSelectionForm
2025.01.30 15:08:18,672 [175636894][1.46.2.1063] DEBUG - 	e: System.Windows.Forms.KeyEventArgs
2025.01.30 15:08:18,677 [175636894][1.46.2.1063] DEBUG - <<< Метод TaskSelectionForm.OnFormKeyDown успешно завершен. Возвращаемое значение: отсутствует
2025.01.30 15:08:18,786 [175636894][1.46.2.1063] DEBUG - >>> Вызван метод TaskSelectionForm.OnFormKeyDown...
2025.01.30 15:08:18,786 [175636894][1.46.2.1063] DEBUG - Параметры метода: 
2025.01.30 15:08:18,787 [175636894][1.46.2.1063] DEBUG - 	sender: ScanCity.ConveyerTerminal.DeviceClient.UI.TaskSelectionForm
2025.01.30 15:08:18,787 [175636894][1.46.2.1063] DEBUG - 	e: System.Windows.Forms.KeyEventArgs
2025.01.30 15:08:18,791 [175636894][1.46.2.1063] DEBUG - <<< Метод TaskSelectionForm.OnFormKeyDown успешно завершен. Возвращаемое значение: отсутствует
2025.01.30 15:08:18,934 [175636894][1.46.2.1063] DEBUG - >>> Вызван метод TaskSelectionForm.OnFormKeyDown...
2025.01.30 15:08:18,934 [175636894][1.46.2.1063] DEBUG - Параметры метода: 
2025.01.30 15:08:18,935 [175636894][1.46.2.1063] DEBUG - 	sender: ScanCity.ConveyerTerminal.DeviceClient.UI.TaskSelectionForm
2025.01.30 15:08:18,935 [175636894][1.46.2.1063] DEBUG - 	e: System.Windows.Forms.KeyEventArgs
2025.01.30 15:08:18,939 [175636894][1.46.2.1063] DEBUG - <<< Метод TaskSelectionForm.OnFormKeyDown успешно завершен. Возвращаемое значение: отсутствует
2025.01.30 15:08:18,973 [175636894][1.46.2.1063] DEBUG - >>> Вызван метод TaskSelectionForm.OnFormKeyDown...
2025.01.30 15:08:18,973 [175636894][1.46.2.1063] DEBUG - Параметры метода: 
2025.01.30 15:08:18,974 [175636894][1.46.2.1063] DEBUG - 	sender: ScanCity.ConveyerTerminal.DeviceClient.UI.TaskSelectionForm
2025.01.30 15:08:18,974 [175636894][1.46.2.1063] DEBUG - 	e: System.Windows.Forms.KeyEventArgs
2025.01.30 15:08:18,979 [175636894][1.46.2.1063] DEBUG - <<< Метод TaskSelectionForm.OnFormKeyDown успешно завершен. Возвращаемое значение: отсутствует
2025.01.30 15:08:19,107 [175636894][1.46.2.1063] DEBUG - >>> Вызван метод TaskSelectionForm.OnFormKeyDown...
2025.01.30 15:08:19,108 [175636894][1.46.2.1063] DEBUG - Параметры метода: 
2025.01.30 15:08:19,108 [175636894][1.46.2.1063] DEBUG - 	sender: ScanCity.ConveyerTerminal.DeviceClient.UI.TaskSelectionForm
2025.01.30 15:08:19,108 [175636894][1.46.2.1063] DEBUG - 	e: System.Windows.Forms.KeyEventArgs
2025.01.30 15:08:19,113 [175636894][1.46.2.1063] DEBUG - <<< Метод TaskSelectionForm.OnFormKeyDown успешно завершен. Возвращаемое значение: отсутствует
2025.01.30 15:08:19,230 [175636894][1.46.2.1063] DEBUG - >>> Вызван метод TaskSelectionForm.OnFormKeyDown...
2025.01.30 15:08:19,231 [175636894][1.46.2.1063] DEBUG - Параметры метода: 
2025.01.30 15:08:19,231 [175636894][1.46.2.1063] DEBUG - 	sender: ScanCity.ConveyerTerminal.DeviceClient.UI.TaskSelectionForm
2025.01.30 15:08:19,231 [175636894][1.46.2.1063] DEBUG - 	e: System.Windows.Forms.KeyEventArgs
2025.01.30 15:08:19,236 [175636894][1.46.2.1063] DEBUG - <<< Метод TaskSelectionForm.OnFormKeyDown успешно завершен. Возвращаемое значение: отсутствует
2025.01.30 15:08:19,361 [175636894][1.46.2.1063] DEBUG - >>> Вызван метод TaskSelectionForm.OnFormKeyDown...
2025.01.30 15:08:19,361 [175636894][1.46.2.1063] DEBUG - Параметры метода: 
2025.01.30 15:08:19,361 [175636894][1.46.2.1063] DEBUG - 	sender: ScanCity.ConveyerTerminal.DeviceClient.UI.TaskSelectionForm
2025.01.30 15:08:19,362 [175636894][1.46.2.1063] DEBUG - 	e: System.Windows.Forms.KeyEventArgs
2025.01.30 15:08:19,366 [175636894][1.46.2.1063] DEBUG - <<< Метод TaskSelectionForm.OnFormKeyDown успешно завершен. Возвращаемое значение: отсутствует
2025.01.30 15:08:19,403 [175636894][1.46.2.1063] DEBUG - >>> Вызван метод TaskSelectionForm.OnFormKeyDown...
2025.01.30 15:08:19,404 [175636894][1.46.2.1063] DEBUG - Параметры метода: 
2025.01.30 15:08:19,404 [175636894][1.46.2.1063] DEBUG - 	sender: ScanCity.ConveyerTerminal.DeviceClient.UI.TaskSelectionForm
2025.01.30 15:08:19,404 [175636894][1.46.2.1063] DEBUG - 	e: System.Windows.Forms.KeyEventArgs
2025.01.30 15:08:19,409 [175636894][1.46.2.1063] DEBUG - <<< Метод TaskSelectionForm.OnFormKeyDown успешно завершен. Возвращаемое значение: отсутствует
2025.01.30 15:08:19,541 [175636894][1.46.2.1063] DEBUG - >>> Вызван метод TaskSelectionForm.OnFormKeyDown...
2025.01.30 15:08:19,541 [175636894][1.46.2.1063] DEBUG - Параметры метода: 
2025.01.30 15:08:19,541 [175636894][1.46.2.1063] DEBUG - 	sender: ScanCity.ConveyerTerminal.DeviceClient.UI.TaskSelectionForm
2025.01.30 15:08:19,541 [175636894][1.46.2.1063] DEBUG - 	e: System.Windows.Forms.KeyEventArgs
2025.01.30 15:08:19,546 [175636894][1.46.2.1063] DEBUG - <<< Метод TaskSelectionForm.OnFormKeyDown успешно завершен. Возвращаемое значение: отсутствует
2025.01.30 15:08:19,697 [175636894][1.46.2.1063] DEBUG - >>> Вызван метод TaskSelectionForm.OnFormKeyDown...
2025.01.30 15:08:19,697 [175636894][1.46.2.1063] DEBUG - Параметры метода: 
2025.01.30 15:08:19,697 [175636894][1.46.2.1063] DEBUG - 	sender: ScanCity.ConveyerTerminal.DeviceClient.UI.TaskSelectionForm
2025.01.30 15:08:19,698 [175636894][1.46.2.1063] DEBUG - 	e: System.Windows.Forms.KeyEventArgs
2025.01.30 15:08:19,702 [175636894][1.46.2.1063] DEBUG - <<< Метод TaskSelectionForm.OnFormKeyDown успешно завершен. Возвращаемое значение: отсутствует
2025.01.30 15:08:19,767 [175636894][1.46.2.1063] DEBUG - >>> Вызван метод TaskSelectionForm.OnNearestLocationInputted...
2025.01.30 15:08:19,767 [175636894][1.46.2.1063] DEBUG - Параметры метода: 
2025.01.30 15:08:19,767 [175636894][1.46.2.1063] DEBUG - 	sender: InputField (label: ШК ячейки:, text: 88-888-88)
2025.01.30 15:08:19,768 [175636894][1.46.2.1063] DEBUG - 	args: InputtedEventArgs (Text: 88-888-88, Source: Keyboard, BarcodeEventArgs: )
2025.01.30 15:08:19,773 [175636894][1.46.2.1063] DEBUG - >>> Вызван метод BusinessLogicService.GetUnfinishedTaskAndGoToExecution...
2025.01.30 15:08:19,773 [175636894][1.46.2.1063] DEBUG - Параметры метода: 
2025.01.30 15:08:19,773 [175636894][1.46.2.1063] DEBUG - 	employee: ServiceProxy.EmployeeDto
2025.01.30 15:08:19,777 [175636894][1.46.2.1063] DEBUG - >>> Вызван метод CommonService.IsThereUnfinishedTask...
2025.01.30 15:08:19,778 [175636894][1.46.2.1063] DEBUG - Параметры метода: 
2025.01.30 15:08:19,778 [175636894][1.46.2.1063] DEBUG - 	employeeId: 000046
2025.01.30 15:08:19,840 [175636894][1.46.2.1063] DEBUG - <<< Метод CommonService.IsThereUnfinishedTask успешно завершен. Возвращаемое значение: False
2025.01.30 15:08:19,845 [175636894][1.46.2.1063] DEBUG - <<< Метод BusinessLogicService.GetUnfinishedTaskAndGoToExecution успешно завершен. Возвращаемое значение: False
2025.01.30 15:08:19,850 [175636894][1.46.2.1063] DEBUG - >>> Вызван метод BusinessLogicService.LoadFirstPriorityTask...
2025.01.30 15:08:19,850 [175636894][1.46.2.1063] DEBUG - Параметры метода: 
2025.01.30 15:08:19,851 [175636894][1.46.2.1063] DEBUG - 	employeeId: 000046
2025.01.30 15:08:19,851 [175636894][1.46.2.1063] DEBUG - 	forkliftId: telezhka
2025.01.30 15:08:19,851 [175636894][1.46.2.1063] DEBUG - 	nearestLocationId: 88-888-88
2025.01.30 15:08:19,989 [175636894][1.46.2.1063] DEBUG - <<< Метод BusinessLogicService.LoadFirstPriorityTask успешно завершен. Возвращаемое значение: ServiceProxy.AutoTaskDto
2025.01.30 15:08:19,994 [175636894][1.46.2.1063] DEBUG - Получено наиболее приоритетное задание: #1799148-89 с типом 51
2025.01.30 15:08:20,007 [175636894][1.46.2.1063] DEBUG - Открывается TaskStatisticsForm...
2025.01.30 15:08:20,089 [175636894][1.46.2.1063] DEBUG - >>> Вызван метод TaskStatisticsForm.OnTaskStatisticsFormLoad...
2025.01.30 15:08:20,089 [175636894][1.46.2.1063] DEBUG - Параметры метода: 
2025.01.30 15:08:20,089 [175636894][1.46.2.1063] DEBUG - 	sender: ScanCity.ConveyerTerminal.DeviceClient.UI.Common.TaskStatisticsForm
2025.01.30 15:08:20,089 [175636894][1.46.2.1063] DEBUG - 	e: System.EventArgs
2025.01.30 15:08:20,094 [175636894][1.46.2.1063] DEBUG - >>> Вызван метод CommonService.GetTaskStatistic...
2025.01.30 15:08:20,094 [175636894][1.46.2.1063] DEBUG - Параметры метода: 
2025.01.30 15:08:20,094 [175636894][1.46.2.1063] DEBUG - 	employeeId: 000046
2025.01.30 15:08:20,095 [175636894][1.46.2.1063] DEBUG - 	taskType: Inventory
2025.01.30 15:08:20,095 [175636894][1.46.2.1063] DEBUG - 	locationId: 88-888-88
2025.01.30 15:08:20,167 [175636894][1.46.2.1063] DEBUG - <<< Метод CommonService.GetTaskStatistic успешно завершен. Возвращаемое значение: CommonServiceProxy.TaskStatisticDto
2025.01.30 15:08:20,174 [175636894][1.46.2.1063] DEBUG - <<< Метод TaskStatisticsForm.OnTaskStatisticsFormLoad успешно завершен. Возвращаемое значение: отсутствует
2025.01.30 15:08:21,768 [175636894][1.46.2.1063] DEBUG - >>> Вызван метод TaskStatisticsForm.OnContinueButtonPressed...
2025.01.30 15:08:21,768 [175636894][1.46.2.1063] DEBUG - Параметры метода: 
2025.01.30 15:08:21,768 [175636894][1.46.2.1063] DEBUG - 	sender: PushingButton (name: continueButton, text: Продолжить)
2025.01.30 15:08:21,769 [175636894][1.46.2.1063] DEBUG - 	e: System.EventArgs
2025.01.30 15:08:21,773 [175636894][1.46.2.1063] DEBUG - Закрывается TaskStatisticsForm...
2025.01.30 15:08:21,778 [175636894][1.46.2.1063] DEBUG - <<< Метод TaskStatisticsForm.OnContinueButtonPressed успешно завершен. Возвращаемое значение: отсутствует
2025.01.30 15:08:21,886 [175636894][1.46.2.1063] DEBUG - >>> Вызван метод InventoryService.LoadTask...
2025.01.30 15:08:21,886 [175636894][1.46.2.1063] DEBUG - Параметры метода: 
2025.01.30 15:08:21,886 [175636894][1.46.2.1063] DEBUG - 	taskId: 1799148-89
2025.01.30 15:08:21,969 [175636894][1.46.2.1063] DEBUG - <<< Метод InventoryService.LoadTask успешно завершен. Возвращаемое значение: InventoryServiceProxy.InventoryTaskDto
2025.01.30 15:08:21,982 [175636894][1.46.2.1063] DEBUG - >>> Вызван метод AutoTaskExecutionForm..ctor...
2025.01.30 15:08:21,982 [175636894][1.46.2.1063] DEBUG - Параметры метода: 
2025.01.30 15:08:21,983 [175636894][1.46.2.1063] DEBUG - 	employee: ServiceProxy.EmployeeDto
2025.01.30 15:08:21,983 [175636894][1.46.2.1063] DEBUG - 	task: InventoryServiceProxy.InventoryTaskDto
2025.01.30 15:08:22,098 [175636894][1.46.2.1063] DEBUG - >>> Вызван метод AutoTaskExecutionForm.InitializeBusinessControls...
2025.01.30 15:08:22,103 [175636894][1.46.2.1063] DEBUG - <<< Метод AutoTaskExecutionForm.InitializeBusinessControls успешно завершен. Возвращаемое значение: отсутствует
2025.01.30 15:08:22,108 [175636894][1.46.2.1063] DEBUG - >>> Вызван метод AutoTaskExecutionForm.RenderControls...
2025.01.30 15:08:22,249 [175636894][1.46.2.1063] DEBUG - <<< Метод AutoTaskExecutionForm.RenderControls успешно завершен. Возвращаемое значение: отсутствует
2025.01.30 15:08:22,254 [175636894][1.46.2.1063] DEBUG - >>> Вызван метод AutoTaskExecutionForm.Render...
2025.01.30 15:08:22,297 [175636894][1.46.2.1063] DEBUG - <<< Метод AutoTaskExecutionForm.Render успешно завершен. Возвращаемое значение: отсутствует
2025.01.30 15:08:22,302 [175636894][1.46.2.1063] DEBUG - <<< Метод AutoTaskExecutionForm..ctor успешно завершен. Возвращаемое значение: отсутствует
2025.01.30 15:08:44,664 [175636894][1.46.2.1063] DEBUG - >>> Вызван метод AutoTaskExecutionForm.OnLocationInputted...
2025.01.30 15:08:44,665 [175636894][1.46.2.1063] DEBUG - Параметры метода: 
2025.01.30 15:08:44,665 [175636894][1.46.2.1063] DEBUG - 	sender: InputField (label: 1M17-165-6, text: 1M17-165-6)
2025.01.30 15:08:44,665 [175636894][1.46.2.1063] DEBUG - 	args: InputtedEventArgs (Text: 1M17-165-6, Source: Keyboard, BarcodeEventArgs: )
2025.01.30 15:08:44,670 [175636894][1.46.2.1063] DEBUG - >>> Вызван метод InventoryService.GetItemListByWmsLocation...
2025.01.30 15:08:44,670 [175636894][1.46.2.1063] DEBUG - Параметры метода: 
2025.01.30 15:08:44,670 [175636894][1.46.2.1063] DEBUG - 	warehouse: ЛК_ПД_ЦС
2025.01.30 15:08:44,671 [175636894][1.46.2.1063] DEBUG - 	locationId: 1M17-165-6
2025.01.30 15:08:44,858 [175636894][1.46.2.1063] DEBUG - <<< Метод InventoryService.GetItemListByWmsLocation успешно завершен. Возвращаемое значение: System.Collections.Generic.List`1[[InventoryServiceProxy.NomenclatureRemainsDto, ScanCity.ConveyerTerminal.DeviceClient, Version=1.46.2.1063, Culture=neutral, PublicKeyToken=null]]
2025.01.30 15:08:44,863 [175636894][1.46.2.1063] DEBUG - <<< Метод AutoTaskExecutionForm.OnLocationInputted успешно завершен. Возвращаемое значение: отсутствует
2025.01.30 15:08:44,871 [175636894][1.46.2.1063] DEBUG - >>> Вызван метод AutoTaskExecutionForm.Render...
2025.01.30 15:08:44,891 [175636894][1.46.2.1063] DEBUG - <<< Метод AutoTaskExecutionForm.Render успешно завершен. Возвращаемое значение: отсутствует
2025.01.30 15:08:59,482 [175636894][1.46.2.1063] DEBUG - >>> Вызван метод AutoTaskExecutionForm.OnItemBarcodeInputted...
2025.01.30 15:08:59,483 [175636894][1.46.2.1063] DEBUG - Параметры метода: 
2025.01.30 15:08:59,483 [175636894][1.46.2.1063] DEBUG - 	sender: InputField (label: ШК, text: 0729238169562)
2025.01.30 15:08:59,483 [175636894][1.46.2.1063] DEBUG - 	args: InputtedEventArgs (Text: 0729238169562, Source: Keyboard, BarcodeEventArgs: )
2025.01.30 15:08:59,488 [175636894][1.46.2.1063] DEBUG - >>> Вызван метод CommonService.GetBarcodeInfo...
2025.01.30 15:08:59,488 [175636894][1.46.2.1063] DEBUG - Параметры метода: 
2025.01.30 15:08:59,489 [175636894][1.46.2.1063] DEBUG - 	barcode: 0729238169562
2025.01.30 15:08:59,489 [175636894][1.46.2.1063] DEBUG - 	taskId: 1799148-89
2025.01.30 15:08:59,489 [175636894][1.46.2.1063] DEBUG - 	taskType: Inventory
2025.01.30 15:08:59,489 [175636894][1.46.2.1063] DEBUG - 	itemId: не задано
2025.01.30 15:08:59,552 [175636894][1.46.2.1063] DEBUG - <<< Метод CommonService.GetBarcodeInfo успешно завершен. Возвращаемое значение: CommonServiceProxy.NomenclatureDto
2025.01.30 15:08:59,558 [175636894][1.46.2.1063] DEBUG - >>> Вызван метод InventoryService.ExecFormOnBarcodeInput...
2025.01.30 15:08:59,558 [175636894][1.46.2.1063] DEBUG - Параметры метода: 
2025.01.30 15:08:59,558 [175636894][1.46.2.1063] DEBUG - 	employeeId: 000046
2025.01.30 15:08:59,558 [175636894][1.46.2.1063] DEBUG - 	taskId: 1799148-89
2025.01.30 15:08:59,559 [175636894][1.46.2.1063] DEBUG - 	taskTypeCode: 51
2025.01.30 15:08:59,559 [175636894][1.46.2.1063] DEBUG - 	defect: False
2025.01.30 15:08:59,559 [175636894][1.46.2.1063] DEBUG - 	barcode: 0729238169562
2025.01.30 15:08:59,559 [175636894][1.46.2.1063] DEBUG - 	foundItemId: CNL144660
2025.01.30 15:08:59,559 [175636894][1.46.2.1063] DEBUG - 	errorMessage: не задано
2025.01.30 15:08:59,656 [175636894][1.46.2.1063] DEBUG - <<< Метод InventoryService.ExecFormOnBarcodeInput успешно завершен. Возвращаемое значение: 0
2025.01.30 15:08:59,665 [175636894][1.46.2.1063] DEBUG - <<< Метод AutoTaskExecutionForm.OnItemBarcodeInputted успешно завершен. Возвращаемое значение: отсутствует
2025.01.30 15:08:59,674 [175636894][1.46.2.1063] DEBUG - >>> Вызван метод AutoTaskExecutionForm.Render...
2025.01.30 15:08:59,694 [175636894][1.46.2.1063] DEBUG - <<< Метод AutoTaskExecutionForm.Render успешно завершен. Возвращаемое значение: отсутствует
2025.01.30 15:09:03,905 [175636894][1.46.2.1063] DEBUG - >>> Вызван метод AutoTaskExecutionForm.OnQtyFactInputted...
2025.01.30 15:09:03,905 [175636894][1.46.2.1063] DEBUG - Параметры метода: 
2025.01.30 15:09:03,906 [175636894][1.46.2.1063] DEBUG - 	sender: InputField (label: Факт, text: 1)
2025.01.30 15:09:03,906 [175636894][1.46.2.1063] DEBUG - 	args: InputtedEventArgs (Text: 1, Source: Keyboard, BarcodeEventArgs: )
2025.01.30 15:09:03,911 [175636894][1.46.2.1063] DEBUG - >>> Вызван метод AutoTaskExecutionForm.HandleQtyKeyboardInput...
2025.01.30 15:09:03,911 [175636894][1.46.2.1063] DEBUG - Параметры метода: 
2025.01.30 15:09:03,911 [175636894][1.46.2.1063] DEBUG - 	qtyStr: 1
2025.01.30 15:09:03,911 [175636894][1.46.2.1063] DEBUG - 	isFact: True
2025.01.30 15:09:03,916 [175636894][1.46.2.1063] DEBUG - <<< Метод AutoTaskExecutionForm.HandleQtyKeyboardInput успешно завершен. Возвращаемое значение: отсутствует
2025.01.30 15:09:03,921 [175636894][1.46.2.1063] DEBUG - <<< Метод AutoTaskExecutionForm.OnQtyFactInputted успешно завершен. Возвращаемое значение: отсутствует
2025.01.30 15:09:03,929 [175636894][1.46.2.1063] DEBUG - >>> Вызван метод AutoTaskExecutionForm.Render...
2025.01.30 15:09:03,949 [175636894][1.46.2.1063] DEBUG - <<< Метод AutoTaskExecutionForm.Render успешно завершен. Возвращаемое значение: отсутствует
2025.01.30 15:09:05,619 [175636894][1.46.2.1063] DEBUG - >>> Вызван метод AutoTaskExecutionForm.OnQtyDefectInputted...
2025.01.30 15:09:05,619 [175636894][1.46.2.1063] DEBUG - Параметры метода: 
2025.01.30 15:09:05,620 [175636894][1.46.2.1063] DEBUG - 	sender: InputField (label: Брак, text: 3)
2025.01.30 15:09:05,620 [175636894][1.46.2.1063] DEBUG - 	args: InputtedEventArgs (Text: 3, Source: Keyboard, BarcodeEventArgs: )
2025.01.30 15:09:05,625 [175636894][1.46.2.1063] DEBUG - >>> Вызван метод AutoTaskExecutionForm.HandleQtyKeyboardInput...
2025.01.30 15:09:05,625 [175636894][1.46.2.1063] DEBUG - Параметры метода: 
2025.01.30 15:09:05,625 [175636894][1.46.2.1063] DEBUG - 	qtyStr: 3
2025.01.30 15:09:05,625 [175636894][1.46.2.1063] DEBUG - 	isFact: False
2025.01.30 15:09:05,630 [175636894][1.46.2.1063] DEBUG - <<< Метод AutoTaskExecutionForm.HandleQtyKeyboardInput успешно завершен. Возвращаемое значение: отсутствует
2025.01.30 15:09:05,635 [175636894][1.46.2.1063] DEBUG - <<< Метод AutoTaskExecutionForm.OnQtyDefectInputted успешно завершен. Возвращаемое значение: отсутствует
2025.01.30 15:09:05,643 [175636894][1.46.2.1063] DEBUG - >>> Вызван метод AutoTaskExecutionForm.Render...
2025.01.30 15:09:05,659 [175636894][1.46.2.1063] DEBUG - <<< Метод AutoTaskExecutionForm.Render успешно завершен. Возвращаемое значение: отсутствует
2025.01.30 15:09:05,702 [175636894][1.46.2.1063] DEBUG - reader_ReadNotify
2025.01.30 15:09:05,706 [175636894][1.46.2.1063] DEBUG - reader_ReadNotify: Barcode='', Type='Unknown'
2025.01.30 15:09:05,711 [175636894][1.46.2.1063] DEBUG - reader_ReadNotify - выход
2025.01.30 15:09:06,841 [175636894][1.46.2.1063] DEBUG - >>> Вызван метод AutoTaskExecutionForm.OnExpiredDateInputted...
2025.01.30 15:09:06,841 [175636894][1.46.2.1063] DEBUG - Параметры метода: 
2025.01.30 15:09:06,841 [175636894][1.46.2.1063] DEBUG - 	sender: DateTimeInputField (label: Срок 
2025.01.30 15:09:06,841 [175636894][1.46.2.1063] DEBUG - годности, datetime: 1/30/2025 3:09:03 PM)
2025.01.30 15:09:06,842 [175636894][1.46.2.1063] DEBUG - 	args: ScanCity.ConveyerTerminal.DeviceClient.UI.DateTimeInputtedEventArgs
2025.01.30 15:09:06,847 [175636894][1.46.2.1063] DEBUG - >>> Вызван метод InventoryService.ExecFormOnExpiredDateInput...
2025.01.30 15:09:06,847 [175636894][1.46.2.1063] DEBUG - Параметры метода: 
2025.01.30 15:09:06,847 [175636894][1.46.2.1063] DEBUG - 	employeeId: 000046
2025.01.30 15:09:06,847 [175636894][1.46.2.1063] DEBUG - 	taskId: 1799148-89
2025.01.30 15:09:06,847 [175636894][1.46.2.1063] DEBUG - 	itemId: CNL144660
2025.01.30 15:09:06,848 [175636894][1.46.2.1063] DEBUG - 	expiredDate: 1/30/2025 12:00:00 AM
2025.01.30 15:09:06,848 [175636894][1.46.2.1063] DEBUG - 	errorMessage: не задано
2025.01.30 15:09:06,940 [175636894][1.46.2.1063] DEBUG - <<< Метод InventoryService.ExecFormOnExpiredDateInput успешно завершен. Возвращаемое значение: 0
2025.01.30 15:09:06,945 [175636894][1.46.2.1063] DEBUG - >>> Вызван метод InventoryService.CommitTaskLine...
2025.01.30 15:09:06,946 [175636894][1.46.2.1063] DEBUG - Параметры метода: 
2025.01.30 15:09:06,946 [175636894][1.46.2.1063] DEBUG - 	employeeId: 000046
2025.01.30 15:09:06,946 [175636894][1.46.2.1063] DEBUG - 	line: InventoryServiceProxy.InventoryTaskLineDto
2025.01.30 15:09:07,033 [175636894][1.46.2.1063] DEBUG - <<< Метод InventoryService.CommitTaskLine успешно завершен. Возвращаемое значение: 0
2025.01.30 15:09:07,038 [175636894][1.46.2.1063] DEBUG - <<< Метод AutoTaskExecutionForm.OnExpiredDateInputted успешно завершен. Возвращаемое значение: отсутствует
2025.01.30 15:09:07,046 [175636894][1.46.2.1063] DEBUG - >>> Вызван метод AutoTaskExecutionForm.Render...
2025.01.30 15:09:07,062 [175636894][1.46.2.1063] DEBUG - <<< Метод AutoTaskExecutionForm.Render успешно завершен. Возвращаемое значение: отсутствует
2025.01.30 15:09:13,439 [175636894][1.46.2.1063] DEBUG - >>> Вызван метод AutoTaskExecutionForm.OnNextButtonClick...
2025.01.30 15:09:13,439 [175636894][1.46.2.1063] DEBUG - Параметры метода: 
2025.01.30 15:09:13,439 [175636894][1.46.2.1063] DEBUG - 	sender: PushingButton (name: nextButton, text: Следующий)
2025.01.30 15:09:13,439 [175636894][1.46.2.1063] DEBUG - 	e: System.EventArgs
2025.01.30 15:09:13,445 [175636894][1.46.2.1063] DEBUG - >>> Вызван метод InventoryService.GoToNextLine...
2025.01.30 15:09:13,446 [175636894][1.46.2.1063] DEBUG - Параметры метода: 
2025.01.30 15:09:13,446 [175636894][1.46.2.1063] DEBUG - 	employeeId: 000046
2025.01.30 15:09:13,446 [175636894][1.46.2.1063] DEBUG - 	line: InventoryServiceProxy.InventoryTaskLineDto
2025.01.30 15:09:13,446 [175636894][1.46.2.1063] DEBUG - 	taskWithNewLine: не задано
2025.01.30 15:09:13,667 [175636894][1.46.2.1063] DEBUG - <<< Метод InventoryService.GoToNextLine успешно завершен. Возвращаемое значение: 0
2025.01.30 15:09:13,672 [175636894][1.46.2.1063] DEBUG - <<< Метод AutoTaskExecutionForm.OnNextButtonClick успешно завершен. Возвращаемое значение: отсутствует
2025.01.30 15:09:13,681 [175636894][1.46.2.1063] DEBUG - >>> Вызван метод AutoTaskExecutionForm.Render...
2025.01.30 15:09:13,702 [175636894][1.46.2.1063] DEBUG - <<< Метод AutoTaskExecutionForm.Render успешно завершен. Возвращаемое значение: отсутствует
2025.01.30 15:09:16,482 [175636894][1.46.2.1063] DEBUG - >>> Вызван метод AutoTaskExecutionForm.OnItemBarcodeInputted...
2025.01.30 15:09:16,482 [175636894][1.46.2.1063] DEBUG - Параметры метода: 
2025.01.30 15:09:16,483 [175636894][1.46.2.1063] DEBUG - 	sender: InputField (label: ШК, text: 0729238169562)
2025.01.30 15:09:16,483 [175636894][1.46.2.1063] DEBUG - 	args: InputtedEventArgs (Text: 0729238169562, Source: Keyboard, BarcodeEventArgs: )
2025.01.30 15:09:16,488 [175636894][1.46.2.1063] DEBUG - >>> Вызван метод CommonService.GetBarcodeInfo...
2025.01.30 15:09:16,488 [175636894][1.46.2.1063] DEBUG - Параметры метода: 
2025.01.30 15:09:16,489 [175636894][1.46.2.1063] DEBUG - 	barcode: 0729238169562
2025.01.30 15:09:16,489 [175636894][1.46.2.1063] DEBUG - 	taskId: 1799148-89
2025.01.30 15:09:16,489 [175636894][1.46.2.1063] DEBUG - 	taskType: Inventory
2025.01.30 15:09:16,489 [175636894][1.46.2.1063] DEBUG - 	itemId: не задано
2025.01.30 15:09:16,548 [175636894][1.46.2.1063] DEBUG - <<< Метод CommonService.GetBarcodeInfo успешно завершен. Возвращаемое значение: CommonServiceProxy.NomenclatureDto
2025.01.30 15:09:16,553 [175636894][1.46.2.1063] DEBUG - >>> Вызван метод InventoryService.ExecFormOnBarcodeInput...
2025.01.30 15:09:16,554 [175636894][1.46.2.1063] DEBUG - Параметры метода: 
2025.01.30 15:09:16,554 [175636894][1.46.2.1063] DEBUG - 	employeeId: 000046
2025.01.30 15:09:16,554 [175636894][1.46.2.1063] DEBUG - 	taskId: 1799148-89
2025.01.30 15:09:16,554 [175636894][1.46.2.1063] DEBUG - 	taskTypeCode: 51
2025.01.30 15:09:16,554 [175636894][1.46.2.1063] DEBUG - 	defect: False
2025.01.30 15:09:16,554 [175636894][1.46.2.1063] DEBUG - 	barcode: 0729238169562
2025.01.30 15:09:16,555 [175636894][1.46.2.1063] DEBUG - 	foundItemId: CNL144660
2025.01.30 15:09:16,555 [175636894][1.46.2.1063] DEBUG - 	errorMessage: не задано
2025.01.30 15:09:16,968 [175636894][1.46.2.1063] DEBUG - <<< Метод InventoryService.ExecFormOnBarcodeInput успешно завершен. Возвращаемое значение: 0
2025.01.30 15:09:16,973 [175636894][1.46.2.1063] DEBUG - >>> Вызван метод CommonService.GetCustomers...
2025.01.30 15:09:17,071 [175636894][1.46.2.1063] DEBUG - <<< Метод CommonService.GetCustomers успешно завершен. Возвращаемое значение: имеет 4 элементов
2025.01.30 15:09:17,082 [175636894][1.46.2.1063] DEBUG - <<< Метод AutoTaskExecutionForm.OnItemBarcodeInputted успешно завершен. Возвращаемое значение: отсутствует
2025.01.30 15:09:17,091 [175636894][1.46.2.1063] DEBUG - >>> Вызван метод AutoTaskExecutionForm.Render...
2025.01.30 15:09:17,108 [175636894][1.46.2.1063] DEBUG - <<< Метод AutoTaskExecutionForm.Render успешно завершен. Возвращаемое значение: отсутствует
2025.01.30 15:09:17,156 [175636894][1.46.2.1063] DEBUG - reader_ReadNotify
2025.01.30 15:09:17,160 [175636894][1.46.2.1063] DEBUG - reader_ReadNotify: Barcode='', Type='Unknown'
2025.01.30 15:09:17,165 [175636894][1.46.2.1063] DEBUG - reader_ReadNotify - выход
2025.01.30 15:09:18,733 [175636894][1.46.2.1063] DEBUG - >>> Вызван метод AutoTaskExecutionForm.OnCustomerInputted...
2025.01.30 15:09:18,733 [175636894][1.46.2.1063] DEBUG - Параметры метода: 
2025.01.30 15:09:18,734 [175636894][1.46.2.1063] DEBUG - 	sender: ComboBoxField (label: Клиент, selection: АЛЬКОР_КО)
2025.01.30 15:09:18,734 [175636894][1.46.2.1063] DEBUG - 	args: InputtedEventArgs (Text: АЛЬКОР_КО, Source: Keyboard, BarcodeEventArgs: )
2025.01.30 15:09:18,740 [175636894][1.46.2.1063] DEBUG - >>> Вызван метод InventoryService.ExecFormOnCustomerInput...
2025.01.30 15:09:18,740 [175636894][1.46.2.1063] DEBUG - Параметры метода: 
2025.01.30 15:09:18,740 [175636894][1.46.2.1063] DEBUG - 	employeeId: 000046
2025.01.30 15:09:18,741 [175636894][1.46.2.1063] DEBUG - 	taskId: 1799148-89
2025.01.30 15:09:18,741 [175636894][1.46.2.1063] DEBUG - 	itemId: CNL144660
2025.01.30 15:09:18,741 [175636894][1.46.2.1063] DEBUG - 	customerId: АЛЬКОР_КО
2025.01.30 15:09:18,741 [175636894][1.46.2.1063] DEBUG - 	errorMessage: не задано
2025.01.30 15:09:18,828 [175636894][1.46.2.1063] DEBUG - <<< Метод InventoryService.ExecFormOnCustomerInput успешно завершен. Возвращаемое значение: 0
2025.01.30 15:09:18,833 [175636894][1.46.2.1063] DEBUG - <<< Метод AutoTaskExecutionForm.OnCustomerInputted успешно завершен. Возвращаемое значение: отсутствует
2025.01.30 15:09:18,842 [175636894][1.46.2.1063] DEBUG - >>> Вызван метод AutoTaskExecutionForm.Render...
2025.01.30 15:09:18,861 [175636894][1.46.2.1063] DEBUG - <<< Метод AutoTaskExecutionForm.Render успешно завершен. Возвращаемое значение: отсутствует
2025.01.30 15:09:19,698 [175636894][1.46.2.1063] DEBUG - >>> Вызван метод AutoTaskExecutionForm.OnQtyFactInputted...
2025.01.30 15:09:19,698 [175636894][1.46.2.1063] DEBUG - Параметры метода: 
2025.01.30 15:09:19,698 [175636894][1.46.2.1063] DEBUG - 	sender: InputField (label: Факт, text: 1)
2025.01.30 15:09:19,699 [175636894][1.46.2.1063] DEBUG - 	args: InputtedEventArgs (Text: 1, Source: Keyboard, BarcodeEventArgs: )
2025.01.30 15:09:19,703 [175636894][1.46.2.1063] DEBUG - >>> Вызван метод AutoTaskExecutionForm.HandleQtyKeyboardInput...
2025.01.30 15:09:19,704 [175636894][1.46.2.1063] DEBUG - Параметры метода: 
2025.01.30 15:09:19,704 [175636894][1.46.2.1063] DEBUG - 	qtyStr: 1
2025.01.30 15:09:19,704 [175636894][1.46.2.1063] DEBUG - 	isFact: True
2025.01.30 15:09:19,708 [175636894][1.46.2.1063] DEBUG - <<< Метод AutoTaskExecutionForm.HandleQtyKeyboardInput успешно завершен. Возвращаемое значение: отсутствует
2025.01.30 15:09:19,713 [175636894][1.46.2.1063] DEBUG - <<< Метод AutoTaskExecutionForm.OnQtyFactInputted успешно завершен. Возвращаемое значение: отсутствует
2025.01.30 15:09:19,721 [175636894][1.46.2.1063] DEBUG - >>> Вызван метод AutoTaskExecutionForm.Render...
2025.01.30 15:09:19,740 [175636894][1.46.2.1063] DEBUG - <<< Метод AutoTaskExecutionForm.Render успешно завершен. Возвращаемое значение: отсутствует
2025.01.30 15:09:20,706 [175636894][1.46.2.1063] DEBUG - >>> Вызван метод AutoTaskExecutionForm.OnQtyDefectInputted...
2025.01.30 15:09:20,707 [175636894][1.46.2.1063] DEBUG - Параметры метода: 
2025.01.30 15:09:20,707 [175636894][1.46.2.1063] DEBUG - 	sender: InputField (label: Брак, text: 0)
2025.01.30 15:09:20,707 [175636894][1.46.2.1063] DEBUG - 	args: InputtedEventArgs (Text: 0, Source: Keyboard, BarcodeEventArgs: )
2025.01.30 15:09:20,712 [175636894][1.46.2.1063] DEBUG - >>> Вызван метод AutoTaskExecutionForm.HandleQtyKeyboardInput...
2025.01.30 15:09:20,712 [175636894][1.46.2.1063] DEBUG - Параметры метода: 
2025.01.30 15:09:20,712 [175636894][1.46.2.1063] DEBUG - 	qtyStr: 0
2025.01.30 15:09:20,713 [175636894][1.46.2.1063] DEBUG - 	isFact: False
2025.01.30 15:09:20,717 [175636894][1.46.2.1063] DEBUG - <<< Метод AutoTaskExecutionForm.HandleQtyKeyboardInput успешно завершен. Возвращаемое значение: отсутствует
2025.01.30 15:09:20,722 [175636894][1.46.2.1063] DEBUG - <<< Метод AutoTaskExecutionForm.OnQtyDefectInputted успешно завершен. Возвращаемое значение: отсутствует
2025.01.30 15:09:20,730 [175636894][1.46.2.1063] DEBUG - >>> Вызван метод AutoTaskExecutionForm.Render...
2025.01.30 15:09:20,746 [175636894][1.46.2.1063] DEBUG - <<< Метод AutoTaskExecutionForm.Render успешно завершен. Возвращаемое значение: отсутствует
2025.01.30 15:09:20,789 [175636894][1.46.2.1063] DEBUG - reader_ReadNotify
2025.01.30 15:09:20,801 [175636894][1.46.2.1063] DEBUG - reader_ReadNotify: Barcode='', Type='Unknown'
2025.01.30 15:09:20,806 [175636894][1.46.2.1063] DEBUG - reader_ReadNotify - выход
2025.01.30 15:09:22,030 [175636894][1.46.2.1063] DEBUG - >>> Вызван метод AutoTaskExecutionForm.OnExpiredDateInputted...
2025.01.30 15:09:22,031 [175636894][1.46.2.1063] DEBUG - Параметры метода: 
2025.01.30 15:09:22,031 [175636894][1.46.2.1063] DEBUG - 	sender: DateTimeInputField (label: Срок 
2025.01.30 15:09:22,031 [175636894][1.46.2.1063] DEBUG - годности, datetime: 1/30/2025 3:09:19 PM)
2025.01.30 15:09:22,031 [175636894][1.46.2.1063] DEBUG - 	args: ScanCity.ConveyerTerminal.DeviceClient.UI.DateTimeInputtedEventArgs
2025.01.30 15:09:22,037 [175636894][1.46.2.1063] DEBUG - >>> Вызван метод InventoryService.ExecFormOnExpiredDateInput...
2025.01.30 15:09:22,037 [175636894][1.46.2.1063] DEBUG - Параметры метода: 
2025.01.30 15:09:22,037 [175636894][1.46.2.1063] DEBUG - 	employeeId: 000046
2025.01.30 15:09:22,037 [175636894][1.46.2.1063] DEBUG - 	taskId: 1799148-89
2025.01.30 15:09:22,037 [175636894][1.46.2.1063] DEBUG - 	itemId: CNL144660
2025.01.30 15:09:22,038 [175636894][1.46.2.1063] DEBUG - 	expiredDate: 1/30/2025 12:00:00 AM
2025.01.30 15:09:22,038 [175636894][1.46.2.1063] DEBUG - 	errorMessage: не задано
2025.01.30 15:09:22,178 [175636894][1.46.2.1063] DEBUG - <<< Метод InventoryService.ExecFormOnExpiredDateInput успешно завершен. Возвращаемое значение: 0
2025.01.30 15:09:22,184 [175636894][1.46.2.1063] DEBUG - >>> Вызван метод InventoryService.CommitTaskLine...
2025.01.30 15:09:22,184 [175636894][1.46.2.1063] DEBUG - Параметры метода: 
2025.01.30 15:09:22,184 [175636894][1.46.2.1063] DEBUG - 	employeeId: 000046
2025.01.30 15:09:22,184 [175636894][1.46.2.1063] DEBUG - 	line: InventoryServiceProxy.InventoryTaskLineDto
2025.01.30 15:09:22,256 [175636894][1.46.2.1063] DEBUG - <<< Метод InventoryService.CommitTaskLine успешно завершен. Возвращаемое значение: 0
2025.01.30 15:09:22,261 [175636894][1.46.2.1063] DEBUG - <<< Метод AutoTaskExecutionForm.OnExpiredDateInputted успешно завершен. Возвращаемое значение: отсутствует
2025.01.30 15:09:22,270 [175636894][1.46.2.1063] DEBUG - >>> Вызван метод AutoTaskExecutionForm.Render...
2025.01.30 15:09:22,285 [175636894][1.46.2.1063] DEBUG - <<< Метод AutoTaskExecutionForm.Render успешно завершен. Возвращаемое значение: отсутствует
2025.01.30 15:09:27,811 [175636894][1.46.2.1063] DEBUG - >>> Вызван метод AutoTaskExecutionForm.OnFinishButtonClick...
2025.01.30 15:09:27,812 [175636894][1.46.2.1063] DEBUG - Параметры метода: 
2025.01.30 15:09:27,812 [175636894][1.46.2.1063] DEBUG - 	sender: PushingButton (name: finishButton, text: Завершить)
2025.01.30 15:09:27,812 [175636894][1.46.2.1063] DEBUG - 	e: System.EventArgs
2025.01.30 15:09:27,818 [175636894][1.46.2.1063] INFO - Выведено информационное сообщение: Сдайте брак в оптимизацию!
2025.01.30 15:09:27,872 [175636894][1.46.2.1063] DEBUG - reader_ReadNotify
2025.01.30 15:09:27,877 [175636894][1.46.2.1063] DEBUG - reader_ReadNotify: Barcode='', Type='Unknown'
2025.01.30 15:09:27,881 [175636894][1.46.2.1063] DEBUG - reader_ReadNotify - выход
2025.01.30 15:09:30,003 [175636894][1.46.2.1063] DEBUG - <<< Метод AutoTaskExecutionForm.OnFinishButtonClick успешно завершен. Возвращаемое значение: отсутствует
2025.01.30 15:09:30,012 [175636894][1.46.2.1063] DEBUG - >>> Вызван метод AutoTaskExecutionForm.Render...
2025.01.30 15:09:30,036 [175636894][1.46.2.1063] DEBUG - <<< Метод AutoTaskExecutionForm.Render успешно завершен. Возвращаемое значение: отсутствует
2025.01.30 15:10:29,784 [197853610][(null)] DEBUG - POWER_BROADCAST: Message=PBT_TRANSITION, Flags=POWER_STATE_ON, POWER_STATE_PASSWORD (0x10010000)
2025.01.31 14:31:01,932 [197853610][(null)] DEBUG - POWER_BROADCAST: Message=PBT_TRANSITION, Flags=POWER_STATE_ON, POWER_STATE_PASSWORD (0x12010000)
2025.01.31 14:31:03,626 [175636894][1.46.2.1063] DEBUG - <<< Метод TaskSelectionForm.OnNearestLocationInputted успешно завершен. Возвращаемое значение: отсутствует
2025.01.31 14:31:05,208 [175636894][1.46.2.1063] DEBUG - >>> Вызван метод TaskSelectionForm.OnTaskSelectionFormClosing...
2025.01.31 14:31:05,223 [175636894][1.46.2.1063] DEBUG - Параметры метода: 
2025.01.31 14:31:05,223 [175636894][1.46.2.1063] DEBUG - 	sender: ScanCity.ConveyerTerminal.DeviceClient.UI.TaskSelectionForm
2025.01.31 14:31:05,223 [175636894][1.46.2.1063] DEBUG - 	e: System.ComponentModel.CancelEventArgs
2025.01.31 14:31:05,245 [175636894][1.46.2.1063] DEBUG - >>> Вызван метод AuthenticationService.LogoffUser...
2025.01.31 14:31:05,245 [175636894][1.46.2.1063] DEBUG - Параметры метода: 
2025.01.31 14:31:05,245 [175636894][1.46.2.1063] DEBUG - 	employeeId: 000046
2025.01.31 14:31:05,593 [175636894][1.46.2.1063] DEBUG - <<< Метод AuthenticationService.LogoffUser успешно завершен. Возвращаемое значение: отсутствует
2025.01.31 14:31:05,601 [175636894][1.46.2.1063] DEBUG - <<< Метод TaskSelectionForm.OnTaskSelectionFormClosing успешно завершен. Возвращаемое значение: отсутствует
2025.01.31 14:31:05,713 [175636894][1.46.2.1063] DEBUG - <<< Метод AuthenticationForm.OnEmployeeInputted успешно завершен. Возвращаемое значение: отсутствует
2025.01.31 14:31:07,449 [175636894][1.46.2.1063] DEBUG - >>> Вызван метод AuthenticationForm.OnEmployeeInputted...
2025.01.31 14:31:07,449 [175636894][1.46.2.1063] DEBUG - Параметры метода: 
2025.01.31 14:31:07,449 [175636894][1.46.2.1063] DEBUG - 	sender: InputField (label: ШК сотрудника:, text: 46)
2025.01.31 14:31:07,450 [175636894][1.46.2.1063] DEBUG - 	args: InputtedEventArgs (Text: 46, Source: Keyboard, BarcodeEventArgs: )
2025.01.31 14:31:07,456 [175636894][1.46.2.1063] DEBUG - >>> Вызван метод AuthenticationService.LogonUser...
2025.01.31 14:31:07,456 [175636894][1.46.2.1063] DEBUG - Параметры метода: 
2025.01.31 14:31:07,456 [175636894][1.46.2.1063] DEBUG - 	barcode: 46
2025.01.31 14:31:07,456 [175636894][1.46.2.1063] DEBUG - 	employee: не задано
2025.01.31 14:31:07,546 [175636894][1.46.2.1063] DEBUG - <<< Метод AuthenticationService.LogonUser успешно завершен. Возвращаемое значение: 0
2025.01.31 14:31:07,552 [175636894][1.46.2.1063] DEBUG - >>> Вызван метод CommonService.IsThereRequestUnprocessedByAx...
2025.01.31 14:31:07,552 [175636894][1.46.2.1063] DEBUG - Параметры метода: 
2025.01.31 14:31:07,552 [175636894][1.46.2.1063] DEBUG - 	employeeId: 000046
2025.01.31 14:31:07,622 [175636894][1.46.2.1063] DEBUG - <<< Метод CommonService.IsThereRequestUnprocessedByAx успешно завершен. Возвращаемое значение: False
2025.01.31 14:31:07,628 [175636894][1.46.2.1063] DEBUG - >>> Вызван метод CommonService.GetPersonalizationSettings...
2025.01.31 14:31:07,628 [175636894][1.46.2.1063] DEBUG - Параметры метода: 
2025.01.31 14:31:07,628 [175636894][1.46.2.1063] DEBUG - 	employeeId: 000046
2025.01.31 14:31:07,687 [175636894][1.46.2.1063] DEBUG - <<< Метод CommonService.GetPersonalizationSettings успешно завершен. Возвращаемое значение: CommonServiceProxy.PersonalizationDto
2025.01.31 14:31:07,702 [175636894][1.46.2.1063] DEBUG - >>> Вызван метод BusinessLogicService.GetUnfinishedTaskAndGoToExecution...
2025.01.31 14:31:07,703 [175636894][1.46.2.1063] DEBUG - Параметры метода: 
2025.01.31 14:31:07,703 [175636894][1.46.2.1063] DEBUG - 	employee: ServiceProxy.EmployeeDto
2025.01.31 14:31:07,708 [175636894][1.46.2.1063] DEBUG - >>> Вызван метод CommonService.IsThereUnfinishedTask...
2025.01.31 14:31:07,708 [175636894][1.46.2.1063] DEBUG - Параметры метода: 
2025.01.31 14:31:07,708 [175636894][1.46.2.1063] DEBUG - 	employeeId: 000046
2025.01.31 14:31:07,783 [175636894][1.46.2.1063] DEBUG - <<< Метод CommonService.IsThereUnfinishedTask успешно завершен. Возвращаемое значение: False
2025.01.31 14:31:07,788 [175636894][1.46.2.1063] DEBUG - <<< Метод BusinessLogicService.GetUnfinishedTaskAndGoToExecution успешно завершен. Возвращаемое значение: False
2025.01.31 14:31:07,908 [175636894][1.46.2.1063] DEBUG - >>> Вызван метод TaskSelectionForm.AllocateControls...
2025.01.31 14:31:07,998 [175636894][1.46.2.1063] DEBUG - <<< Метод TaskSelectionForm.AllocateControls успешно завершен. Возвращаемое значение: отсутствует
2025.01.31 14:31:09,401 [175636894][1.46.2.1063] DEBUG - >>> Вызван метод TaskSelectionForm.OnSortingButtonPressed...
2025.01.31 14:31:09,401 [175636894][1.46.2.1063] DEBUG - Параметры метода: 
2025.01.31 14:31:09,402 [175636894][1.46.2.1063] DEBUG - 	sender: PushingButton (name: _sortingButton, text: 6. Сортировка по магазинам)
2025.01.31 14:31:09,402 [175636894][1.46.2.1063] DEBUG - 	e: System.EventArgs
2025.01.31 14:31:09,434 [175636894][1.46.2.1063] DEBUG - >>> Вызван метод SubMenuForm.RenderControls...
2025.01.31 14:31:09,463 [175636894][1.46.2.1063] DEBUG - <<< Метод SubMenuForm.RenderControls успешно завершен. Возвращаемое значение: отсутствует
2025.01.31 14:31:12,549 [175636894][1.46.2.1063] DEBUG - >>> Вызван метод SubMenuForm.OnSortingScsButtonPressed...
2025.01.31 14:31:12,549 [175636894][1.46.2.1063] DEBUG - Параметры метода: 
2025.01.31 14:31:12,549 [175636894][1.46.2.1063] DEBUG - 	sender: PushingButton (name: _sortingScsButton, text: 6. Сортировка SCS)
2025.01.31 14:31:12,549 [175636894][1.46.2.1063] DEBUG - 	e: System.EventArgs
2025.01.31 14:31:12,576 [175636894][1.46.2.1063] DEBUG - >>> Вызван метод SortingScsSelectionForm.RenderControls...
2025.01.31 14:31:12,588 [175636894][1.46.2.1063] DEBUG - <<< Метод SortingScsSelectionForm.RenderControls успешно завершен. Возвращаемое значение: отсутствует
2025.01.31 14:31:14,459 [175636894][1.46.2.1063] DEBUG - >>> Вызван метод SortingScsSelectionForm.OnFormKeyDown...
2025.01.31 14:31:14,459 [175636894][1.46.2.1063] DEBUG - Параметры метода: 
2025.01.31 14:31:14,459 [175636894][1.46.2.1063] DEBUG - 	sender: ScanCity.ConveyerTerminal.DeviceClient.UI.Sorting.SortingScsSelectionForm
2025.01.31 14:31:14,459 [175636894][1.46.2.1063] DEBUG - 	e: System.Windows.Forms.KeyEventArgs
2025.01.31 14:31:14,464 [175636894][1.46.2.1063] DEBUG - <<< Метод SortingScsSelectionForm.OnFormKeyDown успешно завершен. Возвращаемое значение: отсутствует
2025.01.31 14:31:14,631 [175636894][1.46.2.1063] DEBUG - >>> Вызван метод SortingScsSelectionForm.OnFormKeyDown...
2025.01.31 14:31:14,632 [175636894][1.46.2.1063] DEBUG - Параметры метода: 
2025.01.31 14:31:14,632 [175636894][1.46.2.1063] DEBUG - 	sender: ScanCity.ConveyerTerminal.DeviceClient.UI.Sorting.SortingScsSelectionForm
2025.01.31 14:31:14,632 [175636894][1.46.2.1063] DEBUG - 	e: System.Windows.Forms.KeyEventArgs
2025.01.31 14:31:14,637 [175636894][1.46.2.1063] DEBUG - <<< Метод SortingScsSelectionForm.OnFormKeyDown успешно завершен. Возвращаемое значение: отсутствует
2025.01.31 14:31:14,746 [175636894][1.46.2.1063] DEBUG - >>> Вызван метод SortingScsSelectionForm.OnFormKeyDown...
2025.01.31 14:31:14,746 [175636894][1.46.2.1063] DEBUG - Параметры метода: 
2025.01.31 14:31:14,746 [175636894][1.46.2.1063] DEBUG - 	sender: ScanCity.ConveyerTerminal.DeviceClient.UI.Sorting.SortingScsSelectionForm
2025.01.31 14:31:14,747 [175636894][1.46.2.1063] DEBUG - 	e: System.Windows.Forms.KeyEventArgs
2025.01.31 14:31:14,751 [175636894][1.46.2.1063] DEBUG - <<< Метод SortingScsSelectionForm.OnFormKeyDown успешно завершен. Возвращаемое значение: отсутствует
2025.01.31 14:31:15,059 [175636894][1.46.2.1063] DEBUG - >>> Вызван метод SortingScsSelectionForm.OnFormKeyDown...
2025.01.31 14:31:15,060 [175636894][1.46.2.1063] DEBUG - Параметры метода: 
2025.01.31 14:31:15,060 [175636894][1.46.2.1063] DEBUG - 	sender: ScanCity.ConveyerTerminal.DeviceClient.UI.Sorting.SortingScsSelectionForm
2025.01.31 14:31:15,060 [175636894][1.46.2.1063] DEBUG - 	e: System.Windows.Forms.KeyEventArgs
2025.01.31 14:31:15,065 [175636894][1.46.2.1063] DEBUG - <<< Метод SortingScsSelectionForm.OnFormKeyDown успешно завершен. Возвращаемое значение: отсутствует
2025.01.31 14:31:15,235 [175636894][1.46.2.1063] DEBUG - >>> Вызван метод SortingScsSelectionForm.OnFormKeyDown...
2025.01.31 14:31:15,235 [175636894][1.46.2.1063] DEBUG - Параметры метода: 
2025.01.31 14:31:15,235 [175636894][1.46.2.1063] DEBUG - 	sender: ScanCity.ConveyerTerminal.DeviceClient.UI.Sorting.SortingScsSelectionForm
2025.01.31 14:31:15,235 [175636894][1.46.2.1063] DEBUG - 	e: System.Windows.Forms.KeyEventArgs
2025.01.31 14:31:15,240 [175636894][1.46.2.1063] DEBUG - <<< Метод SortingScsSelectionForm.OnFormKeyDown успешно завершен. Возвращаемое значение: отсутствует
2025.01.31 14:31:15,352 [175636894][1.46.2.1063] DEBUG - >>> Вызван метод SortingScsSelectionForm.OnFormKeyDown...
2025.01.31 14:31:15,352 [175636894][1.46.2.1063] DEBUG - Параметры метода: 
2025.01.31 14:31:15,352 [175636894][1.46.2.1063] DEBUG - 	sender: ScanCity.ConveyerTerminal.DeviceClient.UI.Sorting.SortingScsSelectionForm
2025.01.31 14:31:15,353 [175636894][1.46.2.1063] DEBUG - 	e: System.Windows.Forms.KeyEventArgs
2025.01.31 14:31:15,357 [175636894][1.46.2.1063] DEBUG - <<< Метод SortingScsSelectionForm.OnFormKeyDown успешно завершен. Возвращаемое значение: отсутствует
2025.01.31 14:31:15,630 [175636894][1.46.2.1063] DEBUG - >>> Вызван метод SortingScsSelectionForm.OnFormKeyDown...
2025.01.31 14:31:15,630 [175636894][1.46.2.1063] DEBUG - Параметры метода: 
2025.01.31 14:31:15,630 [175636894][1.46.2.1063] DEBUG - 	sender: ScanCity.ConveyerTerminal.DeviceClient.UI.Sorting.SortingScsSelectionForm
2025.01.31 14:31:15,630 [175636894][1.46.2.1063] DEBUG - 	e: System.Windows.Forms.KeyEventArgs
2025.01.31 14:31:15,635 [175636894][1.46.2.1063] DEBUG - <<< Метод SortingScsSelectionForm.OnFormKeyDown успешно завершен. Возвращаемое значение: отсутствует
2025.01.31 14:31:15,654 [175636894][1.46.2.1063] DEBUG - >>> Вызван метод SortingScsSelectionForm.OnBarcodeInputted...
2025.01.31 14:31:15,654 [175636894][1.46.2.1063] DEBUG - Параметры метода: 
2025.01.31 14:31:15,654 [175636894][1.46.2.1063] DEBUG - 	sender: InputField (label: ШК лотка:, text: 051819)
2025.01.31 14:31:15,655 [175636894][1.46.2.1063] DEBUG - 	args: InputtedEventArgs (Text: 051819, Source: Keyboard, BarcodeEventArgs: )
2025.01.31 14:31:15,714 [175636894][1.46.2.1063] DEBUG - >>> Вызван метод SortingScsService.StartTask...
2025.01.31 14:31:15,715 [175636894][1.46.2.1063] DEBUG - Параметры метода: 
2025.01.31 14:31:15,715 [175636894][1.46.2.1063] DEBUG - 	employeeId: 000046
2025.01.31 14:31:15,715 [175636894][1.46.2.1063] DEBUG - 	cargoPackageId: 051819
2025.01.31 14:31:15,715 [175636894][1.46.2.1063] DEBUG - 	taskType: не задано
2025.01.31 14:31:15,715 [175636894][1.46.2.1063] DEBUG - 	task: не задано
2025.01.31 14:31:15,831 [175636894][1.46.2.1063] DEBUG - <<< Метод SortingScsService.StartTask успешно завершен. Возвращаемое значение: -2
2025.01.31 14:31:15,888 [175636894][1.46.2.1063] DEBUG - reader_ReadNotify
2025.01.31 14:31:15,895 [175636894][1.46.2.1063] DEBUG - reader_ReadNotify: Barcode='', Type='Unknown'
2025.01.31 14:31:15,900 [175636894][1.46.2.1063] DEBUG - reader_ReadNotify - выход
2025.01.31 14:31:17,318 [175636894][1.46.2.1063] ERROR - Выведено сообщение об ошибке:
Задание на сортировку короба 051819 не найдено!
2025.01.31 14:31:17,323 [175636894][1.46.2.1063] DEBUG - <<< Метод SortingScsSelectionForm.OnBarcodeInputted успешно завершен. Возвращаемое значение: отсутствует
2025.01.31 14:31:18,447 [175636894][1.46.2.1063] DEBUG - <<< Метод SubMenuForm.OnSortingScsButtonPressed успешно завершен. Возвращаемое значение: отсутствует
2025.01.31 14:31:20,030 [175636894][1.46.2.1063] DEBUG - <<< Метод TaskSelectionForm.OnSortingButtonPressed успешно завершен. Возвращаемое значение: отсутствует
2025.01.31 14:31:21,202 [175636894][1.46.2.1063] DEBUG - >>> Вызван метод TaskSelectionForm.OnTaskSelectionFormClosing...
2025.01.31 14:31:21,202 [175636894][1.46.2.1063] DEBUG - Параметры метода: 
2025.01.31 14:31:21,202 [175636894][1.46.2.1063] DEBUG - 	sender: ScanCity.ConveyerTerminal.DeviceClient.UI.TaskSelectionForm
2025.01.31 14:31:21,203 [175636894][1.46.2.1063] DEBUG - 	e: System.ComponentModel.CancelEventArgs
2025.01.31 14:31:21,208 [175636894][1.46.2.1063] DEBUG - >>> Вызван метод AuthenticationService.LogoffUser...
2025.01.31 14:31:21,208 [175636894][1.46.2.1063] DEBUG - Параметры метода: 
2025.01.31 14:31:21,208 [175636894][1.46.2.1063] DEBUG - 	employeeId: 000046
2025.01.31 14:31:21,264 [175636894][1.46.2.1063] DEBUG - <<< Метод AuthenticationService.LogoffUser успешно завершен. Возвращаемое значение: отсутствует
2025.01.31 14:31:21,269 [175636894][1.46.2.1063] DEBUG - <<< Метод TaskSelectionForm.OnTaskSelectionFormClosing успешно завершен. Возвращаемое значение: отсутствует
2025.01.31 14:31:21,368 [175636894][1.46.2.1063] DEBUG - <<< Метод AuthenticationForm.OnEmployeeInputted успешно завершен. Возвращаемое значение: отсутствует
2025.01.31 14:32:20,771 [197853610][(null)] DEBUG - POWER_BROADCAST: Message=PBT_TRANSITION, Flags=POWER_STATE_ON, POWER_STATE_PASSWORD (0x10010000)
2025.02.04 14:14:26,765 [197853610][(null)] DEBUG - POWER_BROADCAST: Message=PBT_TRANSITION, Flags=POWER_STATE_ON, POWER_STATE_PASSWORD (0x12010000)
2025.02.04 14:14:26,811 [175636894][1.46.2.1063] DEBUG - reader_ReadNotify
2025.02.04 14:14:26,819 [175636894][1.46.2.1063] DEBUG - reader_ReadNotify: Barcode='2920003271', Type='Code128'
2025.02.04 14:14:26,829 [175636894][1.46.2.1063] DEBUG - reader_ReadNotify - выход
2025.02.04 14:14:26,862 [175636894][1.46.2.1063] DEBUG - >>> Вызван метод AuthenticationForm.OnEmployeeInputted...
2025.02.04 14:14:26,863 [175636894][1.46.2.1063] DEBUG - Параметры метода: 
2025.02.04 14:14:26,863 [175636894][1.46.2.1063] DEBUG - 	sender: InputField (label: ШК сотрудника:, text: 2920003271)
2025.02.04 14:14:26,863 [175636894][1.46.2.1063] DEBUG - 	args: InputtedEventArgs (Text: 2920003271, Source: BarcodeScanner, BarcodeEventArgs: ScanCity.Barcode.BarcodeReadEventArgs)
2025.02.04 14:14:26,870 [175636894][1.46.2.1063] DEBUG - >>> Вызван метод AuthenticationService.LogonUser...
2025.02.04 14:14:26,870 [175636894][1.46.2.1063] DEBUG - Параметры метода: 
2025.02.04 14:14:26,870 [175636894][1.46.2.1063] DEBUG - 	barcode: 2920003271
2025.02.04 14:14:26,871 [175636894][1.46.2.1063] DEBUG - 	employee: не задано
2025.02.04 14:14:26,975 [175636894][1.46.2.1063] DEBUG - <<< Метод AuthenticationService.LogonUser успешно завершен. Возвращаемое значение: 0
2025.02.04 14:14:26,980 [175636894][1.46.2.1063] DEBUG - >>> Вызван метод CommonService.IsThereRequestUnprocessedByAx...
2025.02.04 14:14:26,981 [175636894][1.46.2.1063] DEBUG - Параметры метода: 
2025.02.04 14:14:26,981 [175636894][1.46.2.1063] DEBUG - 	employeeId: 46097
2025.02.04 14:14:27,038 [175636894][1.46.2.1063] DEBUG - <<< Метод CommonService.IsThereRequestUnprocessedByAx успешно завершен. Возвращаемое значение: False
2025.02.04 14:14:27,044 [175636894][1.46.2.1063] DEBUG - >>> Вызван метод CommonService.GetPersonalizationSettings...
2025.02.04 14:14:27,044 [175636894][1.46.2.1063] DEBUG - Параметры метода: 
2025.02.04 14:14:27,044 [175636894][1.46.2.1063] DEBUG - 	employeeId: 46097
2025.02.04 14:14:27,107 [175636894][1.46.2.1063] DEBUG - <<< Метод CommonService.GetPersonalizationSettings успешно завершен. Возвращаемое значение: CommonServiceProxy.PersonalizationDto
2025.02.04 14:14:27,112 [175636894][1.46.2.1063] DEBUG - >>> Вызван метод BusinessLogicService.GetUnfinishedTaskAndGoToExecution...
2025.02.04 14:14:27,113 [175636894][1.46.2.1063] DEBUG - Параметры метода: 
2025.02.04 14:14:27,113 [175636894][1.46.2.1063] DEBUG - 	employee: ServiceProxy.EmployeeDto
2025.02.04 14:14:27,118 [175636894][1.46.2.1063] DEBUG - >>> Вызван метод CommonService.IsThereUnfinishedTask...
2025.02.04 14:14:27,118 [175636894][1.46.2.1063] DEBUG - Параметры метода: 
2025.02.04 14:14:27,118 [175636894][1.46.2.1063] DEBUG - 	employeeId: 46097
2025.02.04 14:14:27,481 [175636894][1.46.2.1063] DEBUG - <<< Метод CommonService.IsThereUnfinishedTask успешно завершен. Возвращаемое значение: True
2025.02.04 14:14:27,487 [175636894][1.46.2.1063] DEBUG - >>> Вызван метод BusinessLogicService.GetUnfinishedAutoTask...
2025.02.04 14:14:27,488 [175636894][1.46.2.1063] DEBUG - Параметры метода: 
2025.02.04 14:14:27,488 [175636894][1.46.2.1063] DEBUG - 	emplId: 46097
2025.02.04 14:14:27,620 [175636894][1.46.2.1063] DEBUG - <<< Метод BusinessLogicService.GetUnfinishedAutoTask успешно завершен. Возвращаемое значение: отсутствует
2025.02.04 14:14:27,627 [175636894][1.46.2.1063] DEBUG - >>> Вызван метод PrelimAcceptService.GetUnfinishedTask...
2025.02.04 14:14:27,627 [175636894][1.46.2.1063] DEBUG - Параметры метода: 
2025.02.04 14:14:27,627 [175636894][1.46.2.1063] DEBUG - 	employeeId: 46097
2025.02.04 14:14:27,698 [175636894][1.46.2.1063] DEBUG - <<< Метод PrelimAcceptService.GetUnfinishedTask успешно завершен. Возвращаемое значение: отсутствует
2025.02.04 14:14:27,704 [175636894][1.46.2.1063] DEBUG - >>> Вызван метод AcceptAllocService.GetUnfinishedTask...
2025.02.04 14:14:27,704 [175636894][1.46.2.1063] DEBUG - Параметры метода: 
2025.02.04 14:14:27,705 [175636894][1.46.2.1063] DEBUG - 	employeeId: 46097
2025.02.04 14:14:27,762 [175636894][1.46.2.1063] DEBUG - <<< Метод AcceptAllocService.GetUnfinishedTask успешно завершен. Возвращаемое значение: отсутствует
2025.02.04 14:14:27,769 [175636894][1.46.2.1063] DEBUG - >>> Вызван метод AcceptTransportService.GetUnfinishedTask...
2025.02.04 14:14:27,769 [175636894][1.46.2.1063] DEBUG - Параметры метода: 
2025.02.04 14:14:27,769 [175636894][1.46.2.1063] DEBUG - 	employeeId: 46097
2025.02.04 14:14:27,844 [175636894][1.46.2.1063] DEBUG - <<< Метод AcceptTransportService.GetUnfinishedTask успешно завершен. Возвращаемое значение: отсутствует
2025.02.04 14:14:27,907 [175636894][1.46.2.1063] DEBUG - >>> Вызван метод ShipmentAllocationService.GetUnfinishedTasks...
2025.02.04 14:14:27,907 [175636894][1.46.2.1063] DEBUG - Параметры метода: 
2025.02.04 14:14:27,908 [175636894][1.46.2.1063] DEBUG - 	employeeId: 46097
2025.02.04 14:14:27,989 [175636894][1.46.2.1063] DEBUG - <<< Метод ShipmentAllocationService.GetUnfinishedTasks успешно завершен. Возвращаемое значение: имеет 0 элементов
2025.02.04 14:14:27,995 [175636894][1.46.2.1063] DEBUG - >>> Вызван метод ShipmentAllocationService.GetUnfinishedExpeditionTasks...
2025.02.04 14:14:27,995 [175636894][1.46.2.1063] DEBUG - Параметры метода: 
2025.02.04 14:14:27,996 [175636894][1.46.2.1063] DEBUG - 	employeeId: 46097
2025.02.04 14:14:28,067 [175636894][1.46.2.1063] DEBUG - <<< Метод ShipmentAllocationService.GetUnfinishedExpeditionTasks успешно завершен. Возвращаемое значение: имеет 0 элементов
2025.02.04 14:14:28,131 [175636894][1.46.2.1063] DEBUG - >>> Вызван метод ShipmentTransportService.GetUnfinishedTask...
2025.02.04 14:14:28,132 [175636894][1.46.2.1063] DEBUG - Параметры метода: 
2025.02.04 14:14:28,132 [175636894][1.46.2.1063] DEBUG - 	employeeId: 46097
2025.02.04 14:14:28,242 [175636894][1.46.2.1063] DEBUG - <<< Метод ShipmentTransportService.GetUnfinishedTask успешно завершен. Возвращаемое значение: отсутствует
2025.02.04 14:14:28,310 [175636894][1.46.2.1063] DEBUG - >>> Вызван метод ShipmentShipService.GetUnfinishedTask...
2025.02.04 14:14:28,310 [175636894][1.46.2.1063] DEBUG - Параметры метода: 
2025.02.04 14:14:28,311 [175636894][1.46.2.1063] DEBUG - 	employeeId: 46097
2025.02.04 14:14:28,311 [175636894][1.46.2.1063] DEBUG - 	pallets: не задано
2025.02.04 14:14:28,436 [175636894][1.46.2.1063] DEBUG - <<< Метод ShipmentShipService.GetUnfinishedTask успешно завершен. Возвращаемое значение: отсутствует
2025.02.04 14:14:28,504 [175636894][1.46.2.1063] DEBUG - >>> Вызван метод CrossDockingService.GetUnfinishedTask...
2025.02.04 14:14:28,504 [175636894][1.46.2.1063] DEBUG - Параметры метода: 
2025.02.04 14:14:28,505 [175636894][1.46.2.1063] DEBUG - 	employeeId: 46097
2025.02.04 14:14:28,582 [175636894][1.46.2.1063] DEBUG - <<< Метод CrossDockingService.GetUnfinishedTask успешно завершен. Возвращаемое значение: отсутствует
2025.02.04 14:14:28,652 [175636894][1.46.2.1063] DEBUG - >>> Вызван метод SortingService.GetUnfinishedTask...
2025.02.04 14:14:28,652 [175636894][1.46.2.1063] DEBUG - Параметры метода: 
2025.02.04 14:14:28,653 [175636894][1.46.2.1063] DEBUG - 	employeeId: 46097
2025.02.04 14:14:28,851 [175636894][1.46.2.1063] DEBUG - <<< Метод SortingService.GetUnfinishedTask успешно завершен. Возвращаемое значение: отсутствует
2025.02.04 14:14:28,857 [175636894][1.46.2.1063] DEBUG - >>> Вызван метод SortingScsService.GetUnfinishedTask...
2025.02.04 14:14:28,858 [175636894][1.46.2.1063] DEBUG - Параметры метода: 
2025.02.04 14:14:28,858 [175636894][1.46.2.1063] DEBUG - 	employeeId: 46097
2025.02.04 14:14:28,858 [175636894][1.46.2.1063] DEBUG - 	taskType: 45
2025.02.04 14:14:29,091 [175636894][1.46.2.1063] DEBUG - <<< Метод SortingScsService.GetUnfinishedTask успешно завершен. Возвращаемое значение: SortingScsServiceProxy.SortingScsTaskDto
2025.02.04 14:14:29,143 [175636894][1.46.2.1063] DEBUG - >>> Вызван метод SortingScsForm.RenderControls...
2025.02.04 14:14:29,205 [175636894][1.46.2.1063] DEBUG - <<< Метод SortingScsForm.RenderControls успешно завершен. Возвращаемое значение: отсутствует
2025.02.04 14:14:29,210 [175636894][1.46.2.1063] DEBUG - >>> Вызван метод SortingScsService.GetLinesQty...
2025.02.04 14:14:29,211 [175636894][1.46.2.1063] DEBUG - Параметры метода: 
2025.02.04 14:14:29,211 [175636894][1.46.2.1063] DEBUG - 	taskId: MK80765825
2025.02.04 14:14:29,211 [175636894][1.46.2.1063] DEBUG - 	qty: 0
2025.02.04 14:14:29,334 [175636894][1.46.2.1063] DEBUG - <<< Метод SortingScsService.GetLinesQty успешно завершен. Возвращаемое значение: 0
2025.02.04 14:14:29,359 [175636894][1.46.2.1063] DEBUG - >>> Вызван метод SortingScsService.GetUnfinishedLines...
2025.02.04 14:14:29,359 [175636894][1.46.2.1063] DEBUG - Параметры метода: 
2025.02.04 14:14:29,359 [175636894][1.46.2.1063] DEBUG - 	employeeId: 46097
2025.02.04 14:14:29,360 [175636894][1.46.2.1063] DEBUG - 	taskId: MK80765825
2025.02.04 14:14:29,360 [175636894][1.46.2.1063] DEBUG - 	lineCount: 0
2025.02.04 14:14:29,360 [175636894][1.46.2.1063] DEBUG - 	message: не задано
2025.02.04 14:14:29,518 [175636894][1.46.2.1063] DEBUG - <<< Метод SortingScsService.GetUnfinishedLines успешно завершен. Возвращаемое значение: -2
2025.02.04 14:14:34,782 [175636894][1.46.2.1063] DEBUG - <<< Метод BusinessLogicService.GetUnfinishedTaskAndGoToExecution успешно завершен. Возвращаемое значение: True
2025.02.04 14:14:34,970 [175636894][1.46.2.1063] DEBUG - >>> Вызван метод TaskSelectionForm.AllocateControls...
2025.02.04 14:14:35,179 [175636894][1.46.2.1063] DEBUG - <<< Метод TaskSelectionForm.AllocateControls успешно завершен. Возвращаемое значение: отсутствует
2025.02.04 14:14:45,735 [175636894][1.46.2.1063] DEBUG - >>> Вызван метод TaskSelectionForm.OnSortingButtonPressed...
2025.02.04 14:14:45,769 [175636894][1.46.2.1063] DEBUG - Параметры метода: 
2025.02.04 14:14:45,769 [175636894][1.46.2.1063] DEBUG - 	sender: PushingButton (name: _sortingButton, text: 6. Сортировка по магазинам)
2025.02.04 14:14:45,770 [175636894][1.46.2.1063] DEBUG - 	e: System.EventArgs
2025.02.04 14:14:45,934 [175636894][1.46.2.1063] DEBUG - >>> Вызван метод SubMenuForm.RenderControls...
2025.02.04 14:14:46,020 [175636894][1.46.2.1063] DEBUG - <<< Метод SubMenuForm.RenderControls успешно завершен. Возвращаемое значение: отсутствует
2025.02.04 14:14:52,082 [175636894][1.46.2.1063] DEBUG - <<< Метод TaskSelectionForm.OnSortingButtonPressed успешно завершен. Возвращаемое значение: отсутствует
2025.02.04 14:14:53,374 [175636894][1.46.2.1063] DEBUG - >>> Вызван метод TaskSelectionForm.OnTaskSelectionFormClosing...
2025.02.04 14:14:53,374 [175636894][1.46.2.1063] DEBUG - Параметры метода: 
2025.02.04 14:14:53,375 [175636894][1.46.2.1063] DEBUG - 	sender: ScanCity.ConveyerTerminal.DeviceClient.UI.TaskSelectionForm
2025.02.04 14:14:53,375 [175636894][1.46.2.1063] DEBUG - 	e: System.ComponentModel.CancelEventArgs
2025.02.04 14:14:53,389 [175636894][1.46.2.1063] DEBUG - >>> Вызван метод AuthenticationService.LogoffUser...
2025.02.04 14:14:53,390 [175636894][1.46.2.1063] DEBUG - Параметры метода: 
2025.02.04 14:14:53,391 [175636894][1.46.2.1063] DEBUG - 	employeeId: 46097
2025.02.04 14:14:54,115 [175636894][1.46.2.1063] DEBUG - <<< Метод AuthenticationService.LogoffUser успешно завершен. Возвращаемое значение: отсутствует
2025.02.04 14:14:54,129 [175636894][1.46.2.1063] DEBUG - <<< Метод TaskSelectionForm.OnTaskSelectionFormClosing успешно завершен. Возвращаемое значение: отсутствует
2025.02.04 14:14:54,265 [175636894][1.46.2.1063] DEBUG - <<< Метод AuthenticationForm.OnEmployeeInputted успешно завершен. Возвращаемое значение: отсутствует
******************* Приложение остановлено [v1.46.2.1063] **************************
******************* Приложение запущено 2025.02.04 14:14:59,514 [v1.46.2.1063] **************************
2025.02.04 14:14:59,549 [134613974][1.46.2.1063] DEBUG - >>> Вызван метод CommonService.GetSettings...
2025.02.04 14:15:00,113 [134613974][1.46.2.1063] DEBUG - <<< Метод CommonService.GetSettings успешно завершен. Возвращаемое значение: CommonServiceProxy.SetupDto
2025.02.04 14:15:00,121 [134613974][1.46.2.1063] DEBUG - Получены настройки: InterfaceUnlockAvailable=False, TsdSettings={SerialNumber=73E65B7606490108011510102E7C0600, InterfaceUnlocked=True}
2025.02.04 14:15:00,126 [134613974][1.46.2.1063] INFO - Сервер 172.16.15.31:14215, customTimeout=
2025.02.04 14:15:00,191 [134613974][1.46.2.1063] INFO - Загружены настройки сканера из файла \Application\ScanCity.Convey\ScannerSettings_20101011174300.usi
2025.02.04 14:15:00,412 [134613974][1.46.2.1063] INFO - Модель терминала: Unknown
2025.02.04 14:15:00,499 [134613974][1.46.2.1063] DEBUG - Файл pdb.ini найден и считан (56 строк)
2025.02.04 14:15:00,507 [134613974][1.46.2.1063] DEBUG - >>> Вызван метод AuthenticationForm.RenderControls...
2025.02.04 14:15:00,524 [134613974][1.46.2.1063] DEBUG - <<< Метод AuthenticationForm.RenderControls успешно завершен. Возвращаемое значение: отсутствует
2025.02.04 14:15:00,674 [134613974][1.46.2.1063] DEBUG - reader_ReadNotify
2025.02.04 14:15:00,724 [134613974][1.46.2.1063] DEBUG - reader_ReadNotify: Barcode='', Type='Unknown'
2025.02.04 14:15:00,733 [134613974][1.46.2.1063] DEBUG - reader_ReadNotify - выход
2025.02.04 14:15:00,745 [134613974][1.46.2.1063] DEBUG - reader_ReadNotify
2025.02.04 14:15:00,750 [134613974][1.46.2.1063] DEBUG - reader_ReadNotify: Barcode='', Type='Unknown'
2025.02.04 14:15:00,754 [134613974][1.46.2.1063] DEBUG - reader_ReadNotify - выход
2025.02.04 14:15:01,484 [134613974][1.46.2.1063] DEBUG - >>> Вызван метод CommonService.UpdateSettings...
2025.02.04 14:15:01,484 [134613974][1.46.2.1063] DEBUG - Параметры метода: 
2025.02.04 14:15:01,485 [134613974][1.46.2.1063] DEBUG - 	scannerSettingsFileName: ScannerSettings_20101011174300.usi
2025.02.04 14:15:01,822 [134613974][1.46.2.1063] DEBUG - <<< Метод CommonService.UpdateSettings успешно завершен. Возвращаемое значение: CommonServiceProxy.SettingsDto
2025.02.04 14:15:07,727 [134613974][1.46.2.1063] DEBUG - reader_ReadNotify
2025.02.04 14:15:07,735 [134613974][1.46.2.1063] DEBUG - reader_ReadNotify: Barcode='2920003271', Type='Code128'
2025.02.04 14:15:07,746 [134613974][1.46.2.1063] DEBUG - reader_ReadNotify - выход
2025.02.04 14:15:07,794 [134613974][1.46.2.1063] DEBUG - >>> Вызван метод AuthenticationForm.OnEmployeeInputted...
2025.02.04 14:15:07,794 [134613974][1.46.2.1063] DEBUG - Параметры метода: 
2025.02.04 14:15:07,795 [134613974][1.46.2.1063] DEBUG - 	sender: InputField (label: ШК сотрудника:, text: 2920003271)
2025.02.04 14:15:07,795 [134613974][1.46.2.1063] DEBUG - 	args: InputtedEventArgs (Text: 2920003271, Source: BarcodeScanner, BarcodeEventArgs: ScanCity.Barcode.BarcodeReadEventArgs)
2025.02.04 14:15:07,846 [134613974][1.46.2.1063] DEBUG - >>> Вызван метод AuthenticationService.LogonUser...
2025.02.04 14:15:07,847 [134613974][1.46.2.1063] DEBUG - Параметры метода: 
2025.02.04 14:15:07,847 [134613974][1.46.2.1063] DEBUG - 	barcode: 2920003271
2025.02.04 14:15:07,847 [134613974][1.46.2.1063] DEBUG - 	employee: не задано
2025.02.04 14:15:07,953 [134613974][1.46.2.1063] DEBUG - <<< Метод AuthenticationService.LogonUser успешно завершен. Возвращаемое значение: 0
2025.02.04 14:15:07,960 [134613974][1.46.2.1063] DEBUG - >>> Вызван метод CommonService.IsThereRequestUnprocessedByAx...
2025.02.04 14:15:07,961 [134613974][1.46.2.1063] DEBUG - Параметры метода: 
2025.02.04 14:15:07,961 [134613974][1.46.2.1063] DEBUG - 	employeeId: 46097
2025.02.04 14:15:08,030 [134613974][1.46.2.1063] DEBUG - <<< Метод CommonService.IsThereRequestUnprocessedByAx успешно завершен. Возвращаемое значение: False
2025.02.04 14:15:08,038 [134613974][1.46.2.1063] DEBUG - >>> Вызван метод CommonService.GetPersonalizationSettings...
2025.02.04 14:15:08,038 [134613974][1.46.2.1063] DEBUG - Параметры метода: 
2025.02.04 14:15:08,038 [134613974][1.46.2.1063] DEBUG - 	employeeId: 46097
2025.02.04 14:15:08,124 [134613974][1.46.2.1063] DEBUG - <<< Метод CommonService.GetPersonalizationSettings успешно завершен. Возвращаемое значение: CommonServiceProxy.PersonalizationDto
2025.02.04 14:15:08,203 [134613974][1.46.2.1063] DEBUG - >>> Вызван метод BusinessLogicService.GetUnfinishedTaskAndGoToExecution...
2025.02.04 14:15:08,204 [134613974][1.46.2.1063] DEBUG - Параметры метода: 
2025.02.04 14:15:08,204 [134613974][1.46.2.1063] DEBUG - 	employee: ServiceProxy.EmployeeDto
2025.02.04 14:15:08,211 [134613974][1.46.2.1063] DEBUG - >>> Вызван метод CommonService.IsThereUnfinishedTask...
2025.02.04 14:15:08,211 [134613974][1.46.2.1063] DEBUG - Параметры метода: 
2025.02.04 14:15:08,212 [134613974][1.46.2.1063] DEBUG - 	employeeId: 46097
2025.02.04 14:15:08,276 [134613974][1.46.2.1063] DEBUG - <<< Метод CommonService.IsThereUnfinishedTask успешно завершен. Возвращаемое значение: True
2025.02.04 14:15:08,283 [134613974][1.46.2.1063] DEBUG - >>> Вызван метод BusinessLogicService.GetUnfinishedAutoTask...
2025.02.04 14:15:08,284 [134613974][1.46.2.1063] DEBUG - Параметры метода: 
2025.02.04 14:15:08,284 [134613974][1.46.2.1063] DEBUG - 	emplId: 46097
2025.02.04 14:15:08,340 [134613974][1.46.2.1063] DEBUG - <<< Метод BusinessLogicService.GetUnfinishedAutoTask успешно завершен. Возвращаемое значение: отсутствует
2025.02.04 14:15:08,348 [134613974][1.46.2.1063] DEBUG - >>> Вызван метод PrelimAcceptService.GetUnfinishedTask...
2025.02.04 14:15:08,348 [134613974][1.46.2.1063] DEBUG - Параметры метода: 
2025.02.04 14:15:08,348 [134613974][1.46.2.1063] DEBUG - 	employeeId: 46097
2025.02.04 14:15:08,406 [134613974][1.46.2.1063] DEBUG - <<< Метод PrelimAcceptService.GetUnfinishedTask успешно завершен. Возвращаемое значение: отсутствует
2025.02.04 14:15:08,414 [134613974][1.46.2.1063] DEBUG - >>> Вызван метод AcceptAllocService.GetUnfinishedTask...
2025.02.04 14:15:08,414 [134613974][1.46.2.1063] DEBUG - Параметры метода: 
2025.02.04 14:15:08,414 [134613974][1.46.2.1063] DEBUG - 	employeeId: 46097
2025.02.04 14:15:08,490 [134613974][1.46.2.1063] DEBUG - <<< Метод AcceptAllocService.GetUnfinishedTask успешно завершен. Возвращаемое значение: отсутствует
2025.02.04 14:15:08,499 [134613974][1.46.2.1063] DEBUG - >>> Вызван метод AcceptTransportService.GetUnfinishedTask...
2025.02.04 14:15:08,500 [134613974][1.46.2.1063] DEBUG - Параметры метода: 
2025.02.04 14:15:08,500 [134613974][1.46.2.1063] DEBUG - 	employeeId: 46097
2025.02.04 14:15:08,564 [134613974][1.46.2.1063] DEBUG - <<< Метод AcceptTransportService.GetUnfinishedTask успешно завершен. Возвращаемое значение: отсутствует
2025.02.04 14:15:08,628 [134613974][1.46.2.1063] DEBUG - >>> Вызван метод ShipmentAllocationService.GetUnfinishedTasks...
2025.02.04 14:15:08,628 [134613974][1.46.2.1063] DEBUG - Параметры метода: 
2025.02.04 14:15:08,629 [134613974][1.46.2.1063] DEBUG - 	employeeId: 46097
2025.02.04 14:15:08,693 [134613974][1.46.2.1063] DEBUG - <<< Метод ShipmentAllocationService.GetUnfinishedTasks успешно завершен. Возвращаемое значение: имеет 0 элементов
2025.02.04 14:15:08,700 [134613974][1.46.2.1063] DEBUG - >>> Вызван метод ShipmentAllocationService.GetUnfinishedExpeditionTasks...
2025.02.04 14:15:08,700 [134613974][1.46.2.1063] DEBUG - Параметры метода: 
2025.02.04 14:15:08,701 [134613974][1.46.2.1063] DEBUG - 	employeeId: 46097
2025.02.04 14:15:08,738 [134613974][1.46.2.1063] DEBUG - <<< Метод ShipmentAllocationService.GetUnfinishedExpeditionTasks успешно завершен. Возвращаемое значение: имеет 0 элементов
2025.02.04 14:15:08,805 [134613974][1.46.2.1063] DEBUG - >>> Вызван метод ShipmentTransportService.GetUnfinishedTask...
2025.02.04 14:15:08,805 [134613974][1.46.2.1063] DEBUG - Параметры метода: 
2025.02.04 14:15:08,805 [134613974][1.46.2.1063] DEBUG - 	employeeId: 46097
2025.02.04 14:15:08,893 [134613974][1.46.2.1063] DEBUG - <<< Метод ShipmentTransportService.GetUnfinishedTask успешно завершен. Возвращаемое значение: отсутствует
2025.02.04 14:15:08,964 [134613974][1.46.2.1063] DEBUG - >>> Вызван метод ShipmentShipService.GetUnfinishedTask...
2025.02.04 14:15:08,964 [134613974][1.46.2.1063] DEBUG - Параметры метода: 
2025.02.04 14:15:08,964 [134613974][1.46.2.1063] DEBUG - 	employeeId: 46097
2025.02.04 14:15:08,964 [134613974][1.46.2.1063] DEBUG - 	pallets: не задано
2025.02.04 14:15:09,114 [134613974][1.46.2.1063] DEBUG - <<< Метод ShipmentShipService.GetUnfinishedTask успешно завершен. Возвращаемое значение: отсутствует
2025.02.04 14:15:09,184 [134613974][1.46.2.1063] DEBUG - >>> Вызван метод CrossDockingService.GetUnfinishedTask...
2025.02.04 14:15:09,184 [134613974][1.46.2.1063] DEBUG - Параметры метода: 
2025.02.04 14:15:09,184 [134613974][1.46.2.1063] DEBUG - 	employeeId: 46097
2025.02.04 14:15:09,285 [134613974][1.46.2.1063] DEBUG - <<< Метод CrossDockingService.GetUnfinishedTask успешно завершен. Возвращаемое значение: отсутствует
2025.02.04 14:15:09,356 [134613974][1.46.2.1063] DEBUG - >>> Вызван метод SortingService.GetUnfinishedTask...
2025.02.04 14:15:09,357 [134613974][1.46.2.1063] DEBUG - Параметры метода: 
2025.02.04 14:15:09,357 [134613974][1.46.2.1063] DEBUG - 	employeeId: 46097
2025.02.04 14:15:09,461 [134613974][1.46.2.1063] DEBUG - <<< Метод SortingService.GetUnfinishedTask успешно завершен. Возвращаемое значение: отсутствует
2025.02.04 14:15:09,536 [134613974][1.46.2.1063] DEBUG - >>> Вызван метод SortingScsService.GetUnfinishedTask...
2025.02.04 14:15:09,537 [134613974][1.46.2.1063] DEBUG - Параметры метода: 
2025.02.04 14:15:09,537 [134613974][1.46.2.1063] DEBUG - 	employeeId: 46097
2025.02.04 14:15:09,537 [134613974][1.46.2.1063] DEBUG - 	taskType: 45
2025.02.04 14:15:09,700 [134613974][1.46.2.1063] DEBUG - <<< Метод SortingScsService.GetUnfinishedTask успешно завершен. Возвращаемое значение: SortingScsServiceProxy.SortingScsTaskDto
2025.02.04 14:15:09,781 [134613974][1.46.2.1063] DEBUG - >>> Вызван метод SortingScsForm.RenderControls...
2025.02.04 14:15:09,848 [134613974][1.46.2.1063] DEBUG - <<< Метод SortingScsForm.RenderControls успешно завершен. Возвращаемое значение: отсутствует
2025.02.04 14:15:09,854 [134613974][1.46.2.1063] DEBUG - >>> Вызван метод SortingScsService.GetLinesQty...
2025.02.04 14:15:09,854 [134613974][1.46.2.1063] DEBUG - Параметры метода: 
2025.02.04 14:15:09,854 [134613974][1.46.2.1063] DEBUG - 	taskId: MK80765825
2025.02.04 14:15:09,854 [134613974][1.46.2.1063] DEBUG - 	qty: 0
2025.02.04 14:15:09,930 [134613974][1.46.2.1063] DEBUG - <<< Метод SortingScsService.GetLinesQty успешно завершен. Возвращаемое значение: 0
2025.02.04 14:15:09,937 [134613974][1.46.2.1063] DEBUG - >>> Вызван метод SortingScsService.GetUnfinishedLines...
2025.02.04 14:15:09,937 [134613974][1.46.2.1063] DEBUG - Параметры метода: 
2025.02.04 14:15:09,937 [134613974][1.46.2.1063] DEBUG - 	employeeId: 46097
2025.02.04 14:15:09,937 [134613974][1.46.2.1063] DEBUG - 	taskId: MK80765825
2025.02.04 14:15:09,938 [134613974][1.46.2.1063] DEBUG - 	lineCount: 0
2025.02.04 14:15:09,938 [134613974][1.46.2.1063] DEBUG - 	message: не задано
2025.02.04 14:15:10,018 [134613974][1.46.2.1063] DEBUG - <<< Метод SortingScsService.GetUnfinishedLines успешно завершен. Возвращаемое значение: -2
2025.02.04 14:15:13,768 [134613974][1.46.2.1063] DEBUG - >>> Вызван метод SortingScsForm.OnFinishButtonPressed...
2025.02.04 14:15:13,769 [134613974][1.46.2.1063] DEBUG - Параметры метода: 
2025.02.04 14:15:13,769 [134613974][1.46.2.1063] DEBUG - 	sender: PushingButton (name: _finishButton, text: Завершить)
2025.02.04 14:15:13,770 [134613974][1.46.2.1063] DEBUG - 	e: System.EventArgs
2025.02.04 14:15:13,783 [134613974][1.46.2.1063] INFO - Выведено сообщение с вопросом: Завершить?
2025.02.04 14:15:13,889 [134613974][1.46.2.1063] DEBUG - reader_ReadNotify
2025.02.04 14:15:13,914 [134613974][1.46.2.1063] DEBUG - reader_ReadNotify: Barcode='', Type='Unknown'
2025.02.04 14:15:13,926 [134613974][1.46.2.1063] DEBUG - reader_ReadNotify - выход
2025.02.04 14:15:14,704 [134613974][1.46.2.1063] INFO - Пользователь выбрал да
2025.02.04 14:15:14,718 [134613974][1.46.2.1063] DEBUG - >>> Вызван метод SortingScsService.OnFinishButton...
2025.02.04 14:15:14,719 [134613974][1.46.2.1063] DEBUG - Параметры метода: 
2025.02.04 14:15:14,796 [134613974][1.46.2.1063] DEBUG - 	employeeId: 46097
2025.02.04 14:15:14,796 [134613974][1.46.2.1063] DEBUG - 	taskId: MK80765825
2025.02.04 14:15:14,797 [134613974][1.46.2.1063] DEBUG - 	taskType: 45
2025.02.04 14:15:14,797 [134613974][1.46.2.1063] DEBUG - 	message: не задано
2025.02.04 14:15:14,949 [134613974][1.46.2.1063] DEBUG - <<< Метод SortingScsService.OnFinishButton успешно завершен. Возвращаемое значение: 1
2025.02.04 14:15:14,963 [134613974][1.46.2.1063] DEBUG - >>> Вызван метод SortingScsService.GetUnfinishedLines...
2025.02.04 14:15:14,963 [134613974][1.46.2.1063] DEBUG - Параметры метода: 
2025.02.04 14:15:14,964 [134613974][1.46.2.1063] DEBUG - 	employeeId: 46097
2025.02.04 14:15:14,964 [134613974][1.46.2.1063] DEBUG - 	taskId: MK80765825
2025.02.04 14:15:14,965 [134613974][1.46.2.1063] DEBUG - 	lineCount: 0
2025.02.04 14:15:14,965 [134613974][1.46.2.1063] DEBUG - 	message: не задано
2025.02.04 14:15:15,147 [134613974][1.46.2.1063] DEBUG - <<< Метод SortingScsService.GetUnfinishedLines успешно завершен. Возвращаемое значение: -2
2025.02.04 14:15:15,160 [134613974][1.46.2.1063] INFO - Выведено сообщение с вопросом: По заданию есть неразложенный товар! Завершить сортировку лотка?
2025.02.04 14:15:16,018 [134613974][1.46.2.1063] INFO - Пользователь выбрал да
2025.02.04 14:15:16,034 [134613974][1.46.2.1063] DEBUG - >>> Вызван метод SortingScsService.FinishLines...
2025.02.04 14:15:16,034 [134613974][1.46.2.1063] DEBUG - Параметры метода: 
2025.02.04 14:15:16,035 [134613974][1.46.2.1063] DEBUG - 	employeeId: 46097
2025.02.04 14:15:16,036 [134613974][1.46.2.1063] DEBUG - 	taskId: MK80765825
2025.02.04 14:15:16,036 [134613974][1.46.2.1063] DEBUG - 	message: не задано
2025.02.04 14:15:16,358 [134613974][1.46.2.1063] DEBUG - <<< Метод SortingScsService.FinishLines успешно завершен. Возвращаемое значение: 0
2025.02.04 14:15:16,376 [134613974][1.46.2.1063] DEBUG - <<< Метод SortingScsForm.OnFinishButtonPressed успешно завершен. Возвращаемое значение: отсутствует
2025.02.04 14:15:16,522 [134613974][1.46.2.1063] DEBUG - <<< Метод BusinessLogicService.GetUnfinishedTaskAndGoToExecution успешно завершен. Возвращаемое значение: True
2025.02.04 14:15:16,810 [134613974][1.46.2.1063] DEBUG - >>> Вызван метод TaskSelectionForm.AllocateControls...
2025.02.04 14:15:17,018 [134613974][1.46.2.1063] DEBUG - <<< Метод TaskSelectionForm.AllocateControls успешно завершен. Возвращаемое значение: отсутствует
2025.02.04 14:15:20,767 [134613974][1.46.2.1063] DEBUG - >>> Вызван метод TaskSelectionForm.OnSortingButtonPressed...
2025.02.04 14:15:20,767 [134613974][1.46.2.1063] DEBUG - Параметры метода: 
2025.02.04 14:15:20,768 [134613974][1.46.2.1063] DEBUG - 	sender: PushingButton (name: _sortingButton, text: 6. Сортировка по магазинам)
2025.02.04 14:15:20,768 [134613974][1.46.2.1063] DEBUG - 	e: System.EventArgs
2025.02.04 14:15:20,850 [134613974][1.46.2.1063] DEBUG - >>> Вызван метод SubMenuForm.RenderControls...
2025.02.04 14:15:20,921 [134613974][1.46.2.1063] DEBUG - <<< Метод SubMenuForm.RenderControls успешно завершен. Возвращаемое значение: отсутствует
2025.02.04 14:15:25,474 [134613974][1.46.2.1063] DEBUG - >>> Вызван метод SubMenuForm.OnSortingScsButtonPressed...
2025.02.04 14:15:25,475 [134613974][1.46.2.1063] DEBUG - Параметры метода: 
2025.02.04 14:15:25,475 [134613974][1.46.2.1063] DEBUG - 	sender: PushingButton (name: _sortingScsButton, text: 6. Сортировка SCS)
2025.02.04 14:15:25,476 [134613974][1.46.2.1063] DEBUG - 	e: System.EventArgs
2025.02.04 14:15:25,538 [134613974][1.46.2.1063] DEBUG - >>> Вызван метод SortingScsSelectionForm.RenderControls...
2025.02.04 14:15:25,570 [134613974][1.46.2.1063] DEBUG - <<< Метод SortingScsSelectionForm.RenderControls успешно завершен. Возвращаемое значение: отсутствует
2025.02.04 14:15:27,794 [134613974][1.46.2.1063] DEBUG - <<< Метод SubMenuForm.OnSortingScsButtonPressed успешно завершен. Возвращаемое значение: отсутствует
2025.02.04 14:16:47,087 [189333730][(null)] DEBUG - POWER_BROADCAST: Message=PBT_TRANSITION, Flags=POWER_STATE_ON, POWER_STATE_PASSWORD (0x10010000)
2025.02.04 14:27:04,032 [189333730][(null)] DEBUG - POWER_BROADCAST: Message=PBT_TRANSITION, Flags=POWER_STATE_ON, POWER_STATE_PASSWORD (0x12010000)
2025.02.04 14:27:04,658 [134613974][1.46.2.1063] DEBUG - <<< Метод TaskSelectionForm.OnSortingButtonPressed успешно завершен. Возвращаемое значение: отсутствует
2025.02.04 14:27:06,471 [134613974][1.46.2.1063] DEBUG - >>> Вызван метод TaskSelectionForm.OnTaskSelectionFormClosing...
2025.02.04 14:27:06,471 [134613974][1.46.2.1063] DEBUG - Параметры метода: 
2025.02.04 14:27:06,472 [134613974][1.46.2.1063] DEBUG - 	sender: ScanCity.ConveyerTerminal.DeviceClient.UI.TaskSelectionForm
2025.02.04 14:27:06,472 [134613974][1.46.2.1063] DEBUG - 	e: System.ComponentModel.CancelEventArgs
2025.02.04 14:27:06,477 [134613974][1.46.2.1063] DEBUG - >>> Вызван метод AuthenticationService.LogoffUser...
2025.02.04 14:27:06,477 [134613974][1.46.2.1063] DEBUG - Параметры метода: 
2025.02.04 14:27:06,477 [134613974][1.46.2.1063] DEBUG - 	employeeId: 46097
2025.02.04 14:27:06,594 [134613974][1.46.2.1063] DEBUG - <<< Метод AuthenticationService.LogoffUser успешно завершен. Возвращаемое значение: отсутствует
2025.02.04 14:27:06,599 [134613974][1.46.2.1063] DEBUG - <<< Метод TaskSelectionForm.OnTaskSelectionFormClosing успешно завершен. Возвращаемое значение: отсутствует
2025.02.04 14:27:06,693 [134613974][1.46.2.1063] DEBUG - <<< Метод AuthenticationForm.OnEmployeeInputted успешно завершен. Возвращаемое значение: отсутствует
******************* Приложение остановлено [v1.46.2.1063] **************************
******************* Приложение запущено 2025.02.04 14:27:10,282 [v1.46.2.1063] **************************
2025.02.04 14:27:10,317 [189596326][1.46.2.1063] DEBUG - >>> Вызван метод CommonService.GetSettings...
2025.02.04 14:27:10,869 [189596326][1.46.2.1063] DEBUG - <<< Метод CommonService.GetSettings успешно завершен. Возвращаемое значение: CommonServiceProxy.SetupDto
2025.02.04 14:27:10,877 [189596326][1.46.2.1063] DEBUG - Получены настройки: InterfaceUnlockAvailable=False, TsdSettings={SerialNumber=73E65B7606490108011510102E7C0600, InterfaceUnlocked=True}
2025.02.04 14:27:10,882 [189596326][1.46.2.1063] INFO - Сервер 172.16.15.31:14215, customTimeout=
2025.02.04 14:27:10,947 [189596326][1.46.2.1063] INFO - Загружены настройки сканера из файла \Application\ScanCity.Convey\ScannerSettings_20101011174300.usi
2025.02.04 14:27:11,168 [189596326][1.46.2.1063] INFO - Модель терминала: Unknown
2025.02.04 14:27:11,255 [189596326][1.46.2.1063] DEBUG - Файл pdb.ini найден и считан (56 строк)
2025.02.04 14:27:11,263 [189596326][1.46.2.1063] DEBUG - >>> Вызван метод AuthenticationForm.RenderControls...
2025.02.04 14:27:11,281 [189596326][1.46.2.1063] DEBUG - <<< Метод AuthenticationForm.RenderControls успешно завершен. Возвращаемое значение: отсутствует
2025.02.04 14:27:11,434 [189596326][1.46.2.1063] DEBUG - reader_ReadNotify
2025.02.04 14:27:11,483 [189596326][1.46.2.1063] DEBUG - reader_ReadNotify: Barcode='', Type='Unknown'
2025.02.04 14:27:11,492 [189596326][1.46.2.1063] DEBUG - reader_ReadNotify - выход
2025.02.04 14:27:11,504 [189596326][1.46.2.1063] DEBUG - reader_ReadNotify
2025.02.04 14:27:11,509 [189596326][1.46.2.1063] DEBUG - reader_ReadNotify: Barcode='', Type='Unknown'
2025.02.04 14:27:11,514 [189596326][1.46.2.1063] DEBUG - reader_ReadNotify - выход
2025.02.04 14:27:12,240 [189596326][1.46.2.1063] DEBUG - >>> Вызван метод CommonService.UpdateSettings...
2025.02.04 14:27:12,240 [189596326][1.46.2.1063] DEBUG - Параметры метода: 
2025.02.04 14:27:12,241 [189596326][1.46.2.1063] DEBUG - 	scannerSettingsFileName: ScannerSettings_20101011174300.usi
2025.02.04 14:27:12,580 [189596326][1.46.2.1063] DEBUG - <<< Метод CommonService.UpdateSettings успешно завершен. Возвращаемое значение: CommonServiceProxy.SettingsDto
2025.02.04 14:27:12,316 [189596326][1.46.2.1063] DEBUG - reader_ReadNotify
2025.02.04 14:27:12,323 [189596326][1.46.2.1063] DEBUG - reader_ReadNotify: Barcode='2920035340', Type='Code128'
2025.02.04 14:27:12,332 [189596326][1.46.2.1063] DEBUG - reader_ReadNotify - выход
2025.02.04 14:27:12,372 [189596326][1.46.2.1063] DEBUG - >>> Вызван метод AuthenticationForm.OnEmployeeInputted...
2025.02.04 14:27:12,373 [189596326][1.46.2.1063] DEBUG - Параметры метода: 
2025.02.04 14:27:12,373 [189596326][1.46.2.1063] DEBUG - 	sender: InputField (label: ШК сотрудника:, text: 2920035340)
2025.02.04 14:27:12,373 [189596326][1.46.2.1063] DEBUG - 	args: InputtedEventArgs (Text: 2920035340, Source: BarcodeScanner, BarcodeEventArgs: ScanCity.Barcode.BarcodeReadEventArgs)
2025.02.04 14:27:12,411 [189596326][1.46.2.1063] DEBUG - >>> Вызван метод AuthenticationService.LogonUser...
2025.02.04 14:27:12,411 [189596326][1.46.2.1063] DEBUG - Параметры метода: 
2025.02.04 14:27:12,412 [189596326][1.46.2.1063] DEBUG - 	barcode: 2920035340
2025.02.04 14:27:12,412 [189596326][1.46.2.1063] DEBUG - 	employee: не задано
2025.02.04 14:27:12,526 [189596326][1.46.2.1063] DEBUG - <<< Метод AuthenticationService.LogonUser успешно завершен. Возвращаемое значение: 0
2025.02.04 14:27:12,532 [189596326][1.46.2.1063] DEBUG - >>> Вызван метод CommonService.IsThereRequestUnprocessedByAx...
2025.02.04 14:27:12,532 [189596326][1.46.2.1063] DEBUG - Параметры метода: 
2025.02.04 14:27:12,532 [189596326][1.46.2.1063] DEBUG - 	employeeId: 8517
2025.02.04 14:27:12,596 [189596326][1.46.2.1063] DEBUG - <<< Метод CommonService.IsThereRequestUnprocessedByAx успешно завершен. Возвращаемое значение: False
2025.02.04 14:27:12,602 [189596326][1.46.2.1063] DEBUG - >>> Вызван метод CommonService.GetPersonalizationSettings...
2025.02.04 14:27:12,602 [189596326][1.46.2.1063] DEBUG - Параметры метода: 
2025.02.04 14:27:12,603 [189596326][1.46.2.1063] DEBUG - 	employeeId: 8517
2025.02.04 14:27:12,715 [189596326][1.46.2.1063] DEBUG - <<< Метод CommonService.GetPersonalizationSettings успешно завершен. Возвращаемое значение: CommonServiceProxy.PersonalizationDto
2025.02.04 14:27:12,776 [189596326][1.46.2.1063] DEBUG - >>> Вызван метод BusinessLogicService.GetUnfinishedTaskAndGoToExecution...
2025.02.04 14:27:12,776 [189596326][1.46.2.1063] DEBUG - Параметры метода: 
2025.02.04 14:27:12,776 [189596326][1.46.2.1063] DEBUG - 	employee: ServiceProxy.EmployeeDto
2025.02.04 14:27:12,781 [189596326][1.46.2.1063] DEBUG - >>> Вызван метод CommonService.IsThereUnfinishedTask...
2025.02.04 14:27:12,782 [189596326][1.46.2.1063] DEBUG - Параметры метода: 
2025.02.04 14:27:12,782 [189596326][1.46.2.1063] DEBUG - 	employeeId: 8517
2025.02.04 14:27:12,843 [189596326][1.46.2.1063] DEBUG - <<< Метод CommonService.IsThereUnfinishedTask успешно завершен. Возвращаемое значение: False
2025.02.04 14:27:12,848 [189596326][1.46.2.1063] DEBUG - <<< Метод BusinessLogicService.GetUnfinishedTaskAndGoToExecution успешно завершен. Возвращаемое значение: False
2025.02.04 14:27:12,991 [189596326][1.46.2.1063] DEBUG - >>> Вызван метод TaskSelectionForm.AllocateControls...
2025.02.04 14:27:13,080 [189596326][1.46.2.1063] DEBUG - <<< Метод TaskSelectionForm.AllocateControls успешно завершен. Возвращаемое значение: отсутствует
2025.02.04 14:27:15,862 [189596326][1.46.2.1063] DEBUG - >>> Вызван метод TaskSelectionForm.OnSortingButtonPressed...
2025.02.04 14:27:15,863 [189596326][1.46.2.1063] DEBUG - Параметры метода: 
2025.02.04 14:27:15,863 [189596326][1.46.2.1063] DEBUG - 	sender: PushingButton (name: _sortingButton, text: 6. Сортировка по магазинам)
2025.02.04 14:27:15,863 [189596326][1.46.2.1063] DEBUG - 	e: System.EventArgs
2025.02.04 14:27:15,896 [189596326][1.46.2.1063] DEBUG - >>> Вызван метод SubMenuForm.RenderControls...
2025.02.04 14:27:15,924 [189596326][1.46.2.1063] DEBUG - <<< Метод SubMenuForm.RenderControls успешно завершен. Возвращаемое значение: отсутствует
2025.02.04 14:27:17,472 [189596326][1.46.2.1063] DEBUG - >>> Вызван метод SubMenuForm.OnSortingMezonineButtonPressed...
2025.02.04 14:27:17,472 [189596326][1.46.2.1063] DEBUG - Параметры метода: 
2025.02.04 14:27:17,473 [189596326][1.46.2.1063] DEBUG - 	sender: PushingButton (name: _sortingMezonineButton, text: 7. Сортировка в мезонине)
2025.02.04 14:27:17,473 [189596326][1.46.2.1063] DEBUG - 	e: System.EventArgs
2025.02.04 14:27:17,500 [189596326][1.46.2.1063] DEBUG - >>> Вызван метод SortingScsSelectionForm.RenderControls...
2025.02.04 14:27:17,512 [189596326][1.46.2.1063] DEBUG - <<< Метод SortingScsSelectionForm.RenderControls успешно завершен. Возвращаемое значение: отсутствует
2025.02.04 14:27:47,458 [189465030][(null)] DEBUG - POWER_BROADCAST: Message=PBT_TRANSITION, Flags=POWER_STATE_ON, POWER_STATE_PASSWORD (0x10010000)
2025.02.04 14:28:10,664 [189465030][(null)] DEBUG - POWER_BROADCAST: Message=PBT_TRANSITION, Flags=POWER_STATE_ON, POWER_STATE_PASSWORD (0x12010000)
2025.02.04 14:28:10,716 [189596326][1.46.2.1063] DEBUG - reader_ReadNotify
2025.02.04 14:28:10,721 [189596326][1.46.2.1063] DEBUG - reader_ReadNotify: Barcode='000349196', Type='Code128'
2025.02.04 14:28:10,726 [189596326][1.46.2.1063] DEBUG - reader_ReadNotify - выход
2025.02.04 14:28:10,745 [189596326][1.46.2.1063] DEBUG - >>> Вызван метод SortingScsSelectionForm.OnBarcodeInputted...
2025.02.04 14:28:10,745 [189596326][1.46.2.1063] DEBUG - Параметры метода: 
2025.02.04 14:28:10,746 [189596326][1.46.2.1063] DEBUG - 	sender: InputField (label: ШК лотка:, text: 000349196)
2025.02.04 14:28:10,746 [189596326][1.46.2.1063] DEBUG - 	args: InputtedEventArgs (Text: 000349196, Source: BarcodeScanner, BarcodeEventArgs: ScanCity.Barcode.BarcodeReadEventArgs)
2025.02.04 14:28:10,796 [189596326][1.46.2.1063] DEBUG - >>> Вызван метод SortingScsService.StartTask...
2025.02.04 14:28:10,796 [189596326][1.46.2.1063] DEBUG - Параметры метода: 
2025.02.04 14:28:10,796 [189596326][1.46.2.1063] DEBUG - 	employeeId: 8517
2025.02.04 14:28:10,797 [189596326][1.46.2.1063] DEBUG - 	cargoPackageId: 000349196
2025.02.04 14:28:10,797 [189596326][1.46.2.1063] DEBUG - 	taskType: 48
2025.02.04 14:28:10,797 [189596326][1.46.2.1063] DEBUG - 	task: не задано
2025.02.04 14:28:10,910 [189596326][1.46.2.1063] DEBUG - <<< Метод SortingScsService.StartTask успешно завершен. Возвращаемое значение: -2
2025.02.04 14:28:40,870 [189465030][(null)] DEBUG - POWER_BROADCAST: Message=PBT_TRANSITION, Flags=POWER_STATE_ON, POWER_STATE_PASSWORD (0x10010000)
2025.02.04 17:04:52,026 [189465030][(null)] DEBUG - POWER_BROADCAST: Message=PBT_TRANSITION, Flags=POWER_STATE_ON, POWER_STATE_PASSWORD (0x12010000)
2025.02.04 17:04:52,258 [189596326][1.46.2.1063] ERROR - Выведено сообщение об ошибке:
Задание на сортировку короба 000349196 не найдено!
2025.02.04 17:04:52,263 [189596326][1.46.2.1063] DEBUG - <<< Метод SortingScsSelectionForm.OnBarcodeInputted успешно завершен. Возвращаемое значение: отсутствует
2025.02.04 17:04:57,412 [189596326][1.46.2.1063] DEBUG - <<< Метод SubMenuForm.OnSortingMezonineButtonPressed успешно завершен. Возвращаемое значение: отсутствует
2025.02.04 17:04:59,491 [189596326][1.46.2.1063] DEBUG - <<< Метод TaskSelectionForm.OnSortingButtonPressed успешно завершен. Возвращаемое значение: отсутствует
2025.02.04 17:05:00,651 [189596326][1.46.2.1063] DEBUG - >>> Вызван метод TaskSelectionForm.OnTaskSelectionFormClosing...
2025.02.04 17:05:00,651 [189596326][1.46.2.1063] DEBUG - Параметры метода: 
2025.02.04 17:05:00,651 [189596326][1.46.2.1063] DEBUG - 	sender: ScanCity.ConveyerTerminal.DeviceClient.UI.TaskSelectionForm
2025.02.04 17:05:00,652 [189596326][1.46.2.1063] DEBUG - 	e: System.ComponentModel.CancelEventArgs
2025.02.04 17:05:00,657 [189596326][1.46.2.1063] DEBUG - >>> Вызван метод AuthenticationService.LogoffUser...
2025.02.04 17:05:00,657 [189596326][1.46.2.1063] DEBUG - Параметры метода: 
2025.02.04 17:05:00,657 [189596326][1.46.2.1063] DEBUG - 	employeeId: 8517
2025.02.04 17:05:00,734 [189596326][1.46.2.1063] DEBUG - <<< Метод AuthenticationService.LogoffUser успешно завершен. Возвращаемое значение: отсутствует
2025.02.04 17:05:00,739 [189596326][1.46.2.1063] DEBUG - <<< Метод TaskSelectionForm.OnTaskSelectionFormClosing успешно завершен. Возвращаемое значение: отсутствует
2025.02.04 17:05:00,836 [189596326][1.46.2.1063] DEBUG - <<< Метод AuthenticationForm.OnEmployeeInputted успешно завершен. Возвращаемое значение: отсутствует
2025.02.04 17:05:02,728 [189596326][1.46.2.1063] DEBUG - >>> Вызван метод AuthenticationForm.OnEmployeeInputted...
2025.02.04 17:05:02,728 [189596326][1.46.2.1063] DEBUG - Параметры метода: 
2025.02.04 17:05:02,729 [189596326][1.46.2.1063] DEBUG - 	sender: InputField (label: ШК сотрудника:, text: 46)
2025.02.04 17:05:02,729 [189596326][1.46.2.1063] DEBUG - 	args: InputtedEventArgs (Text: 46, Source: Keyboard, BarcodeEventArgs: )
2025.02.04 17:05:02,734 [189596326][1.46.2.1063] DEBUG - >>> Вызван метод AuthenticationService.LogonUser...
2025.02.04 17:05:02,734 [189596326][1.46.2.1063] DEBUG - Параметры метода: 
2025.02.04 17:05:02,734 [189596326][1.46.2.1063] DEBUG - 	barcode: 46
2025.02.04 17:05:02,735 [189596326][1.46.2.1063] DEBUG - 	employee: не задано
2025.02.04 17:05:02,789 [189596326][1.46.2.1063] DEBUG - <<< Метод AuthenticationService.LogonUser успешно завершен. Возвращаемое значение: 0
2025.02.04 17:05:02,795 [189596326][1.46.2.1063] DEBUG - >>> Вызван метод CommonService.IsThereRequestUnprocessedByAx...
2025.02.04 17:05:02,795 [189596326][1.46.2.1063] DEBUG - Параметры метода: 
2025.02.04 17:05:02,796 [189596326][1.46.2.1063] DEBUG - 	employeeId: 000046
2025.02.04 17:05:02,872 [189596326][1.46.2.1063] DEBUG - <<< Метод CommonService.IsThereRequestUnprocessedByAx успешно завершен. Возвращаемое значение: False
2025.02.04 17:05:02,893 [189596326][1.46.2.1063] DEBUG - >>> Вызван метод CommonService.GetPersonalizationSettings...
2025.02.04 17:05:02,893 [189596326][1.46.2.1063] DEBUG - Параметры метода: 
2025.02.04 17:05:02,894 [189596326][1.46.2.1063] DEBUG - 	employeeId: 000046
2025.02.04 17:05:02,946 [189596326][1.46.2.1063] DEBUG - <<< Метод CommonService.GetPersonalizationSettings успешно завершен. Возвращаемое значение: CommonServiceProxy.PersonalizationDto
2025.02.04 17:05:02,952 [189596326][1.46.2.1063] DEBUG - >>> Вызван метод BusinessLogicService.GetUnfinishedTaskAndGoToExecution...
2025.02.04 17:05:02,952 [189596326][1.46.2.1063] DEBUG - Параметры метода: 
2025.02.04 17:05:02,952 [189596326][1.46.2.1063] DEBUG - 	employee: ServiceProxy.EmployeeDto
2025.02.04 17:05:02,957 [189596326][1.46.2.1063] DEBUG - >>> Вызван метод CommonService.IsThereUnfinishedTask...
2025.02.04 17:05:02,957 [189596326][1.46.2.1063] DEBUG - Параметры метода: 
2025.02.04 17:05:02,958 [189596326][1.46.2.1063] DEBUG - 	employeeId: 000046
2025.02.04 17:05:03,014 [189596326][1.46.2.1063] DEBUG - <<< Метод CommonService.IsThereUnfinishedTask успешно завершен. Возвращаемое значение: True
2025.02.04 17:05:03,020 [189596326][1.46.2.1063] DEBUG - >>> Вызван метод BusinessLogicService.GetUnfinishedAutoTask...
2025.02.04 17:05:03,020 [189596326][1.46.2.1063] DEBUG - Параметры метода: 
2025.02.04 17:05:03,020 [189596326][1.46.2.1063] DEBUG - 	emplId: 000046
2025.02.04 17:05:03,096 [189596326][1.46.2.1063] DEBUG - <<< Метод BusinessLogicService.GetUnfinishedAutoTask успешно завершен. Возвращаемое значение: ServiceProxy.AutoTaskDto
2025.02.04 17:05:03,149 [189596326][1.46.2.1063] DEBUG - >>> Вызван метод PickingService.LoadNextLines...
2025.02.04 17:05:03,149 [189596326][1.46.2.1063] DEBUG - Параметры метода: 
2025.02.04 17:05:03,149 [189596326][1.46.2.1063] DEBUG - 	employeeId: 000046
2025.02.04 17:05:03,149 [189596326][1.46.2.1063] DEBUG - 	taskType: 41
2025.02.04 17:05:03,149 [189596326][1.46.2.1063] DEBUG - 	nextNextLine: не задано
2025.02.04 17:05:03,150 [189596326][1.46.2.1063] DEBUG - 	totalLineCount: 0
2025.02.04 17:05:03,240 [189596326][1.46.2.1063] DEBUG - <<< Метод PickingService.LoadNextLines успешно завершен. Возвращаемое значение: PickingServiceProxy.PickingTaskLineDto
2025.02.04 17:05:03,247 [189596326][1.46.2.1063] DEBUG - >>> Вызван метод PickingService.GetAddFromBufferFlag...
2025.02.04 17:05:03,247 [189596326][1.46.2.1063] DEBUG - Параметры метода: 
2025.02.04 17:05:03,247 [189596326][1.46.2.1063] DEBUG - 	taskId: MK55329089
2025.02.04 17:05:03,247 [189596326][1.46.2.1063] DEBUG - 	taskType: 41
2025.02.04 17:05:03,248 [189596326][1.46.2.1063] DEBUG - 	addFromBuffer: False
2025.02.04 17:05:03,248 [189596326][1.46.2.1063] DEBUG - 	message: не задано
2025.02.04 17:05:03,325 [189596326][1.46.2.1063] DEBUG - <<< Метод PickingService.GetAddFromBufferFlag успешно завершен. Возвращаемое значение: 0
2025.02.04 17:05:08,212 [189596326][1.46.2.1063] DEBUG - >>> Вызван метод ExecutionToConveyerForm.OnLocationInputted...
2025.02.04 17:05:08,212 [189596326][1.46.2.1063] DEBUG - Параметры метода: 
2025.02.04 17:05:08,212 [189596326][1.46.2.1063] DEBUG - 	sender: InputField (label: 1P22-005-2:, text: 1P22-005-2)
2025.02.04 17:05:08,212 [189596326][1.46.2.1063] DEBUG - 	args: InputtedEventArgs (Text: 1P22-005-2, Source: Keyboard, BarcodeEventArgs: )
2025.02.04 17:05:08,217 [189596326][1.46.2.1063] DEBUG - <<< Метод ExecutionToConveyerForm.OnLocationInputted успешно завершен. Возвращаемое значение: отсутствует
2025.02.04 17:06:08,005 [189465030][(null)] DEBUG - POWER_BROADCAST: Message=PBT_TRANSITION, Flags=POWER_STATE_ON, POWER_STATE_PASSWORD (0x10010000)
2025.02.04 17:10:41,824 [189465030][(null)] DEBUG - POWER_BROADCAST: Message=PBT_TRANSITION, Flags=POWER_STATE_ON, POWER_STATE_PASSWORD (0x12010000)
2025.02.04 17:10:41,960 [189596326][1.46.2.1063] DEBUG - >>> Вызван метод ExecutionToConveyerForm.OnStickeringButtonClick...
2025.02.04 17:10:41,960 [189596326][1.46.2.1063] DEBUG - Параметры метода: 
2025.02.04 17:10:41,960 [189596326][1.46.2.1063] DEBUG - 	sender: PushingButton (name: _stickeringButton, text: (F5))
2025.02.04 17:10:41,960 [189596326][1.46.2.1063] DEBUG - 	e: System.EventArgs
2025.02.04 17:10:41,966 [189596326][1.46.2.1063] DEBUG - >>> Вызван метод CommonService.GetCustomers...
2025.02.04 17:10:42,069 [189596326][1.46.2.1063] DEBUG - <<< Метод CommonService.GetCustomers успешно завершен. Возвращаемое значение: имеет 4 элементов
2025.02.04 17:10:44,370 [189596326][1.46.2.1063] DEBUG - >>> Вызван метод StickeringForm.OnFinishButtonClick...
2025.02.04 17:10:44,371 [189596326][1.46.2.1063] DEBUG - Параметры метода: 
2025.02.04 17:10:44,371 [189596326][1.46.2.1063] DEBUG - 	sender: System.Windows.Forms.Button
2025.02.04 17:10:44,371 [189596326][1.46.2.1063] DEBUG - 	e: System.EventArgs
2025.02.04 17:10:44,376 [189596326][1.46.2.1063] DEBUG - <<< Метод StickeringForm.OnFinishButtonClick успешно завершен. Возвращаемое значение: отсутствует
2025.02.04 17:10:44,483 [189596326][1.46.2.1063] DEBUG - <<< Метод ExecutionToConveyerForm.OnStickeringButtonClick успешно завершен. Возвращаемое значение: отсутствует
2025.02.04 17:10:45,809 [189596326][1.46.2.1063] DEBUG - >>> Вызван метод ExecutionToConveyerForm.OnItemInfoButton...
2025.02.04 17:10:45,809 [189596326][1.46.2.1063] DEBUG - Параметры метода: 
2025.02.04 17:10:45,809 [189596326][1.46.2.1063] DEBUG - 	sender: PushingButton (name: _itemInfoButton, text: (F2))
2025.02.04 17:10:45,810 [189596326][1.46.2.1063] DEBUG - 	e: System.EventArgs
2025.02.04 17:10:45,815 [189596326][1.46.2.1063] DEBUG - >>> Вызван метод CommonService.GetNomenclature...
2025.02.04 17:10:45,816 [189596326][1.46.2.1063] DEBUG - Параметры метода: 
2025.02.04 17:10:45,816 [189596326][1.46.2.1063] DEBUG - 	itemId: TR0000013
2025.02.04 17:10:45,816 [189596326][1.46.2.1063] DEBUG - 	taskId: MK55329089
2025.02.04 17:10:45,816 [189596326][1.46.2.1063] DEBUG - 	taskType: PickingToConveyer
2025.02.04 17:10:45,911 [189596326][1.46.2.1063] DEBUG - <<< Метод CommonService.GetNomenclature успешно завершен. Возвращаемое значение: отсутствует
2025.02.04 17:10:45,968 [189596326][1.46.2.1063] DEBUG - reader_ReadNotify
2025.02.04 17:10:45,972 [189596326][1.46.2.1063] DEBUG - reader_ReadNotify: Barcode='', Type='Unknown'
2025.02.04 17:10:45,977 [189596326][1.46.2.1063] DEBUG - reader_ReadNotify - выход
2025.02.04 17:10:47,193 [189596326][1.46.2.1063] ERROR - Выведено сообщение об ошибке:
Не удалось получить информацию по товару
2025.02.04 17:10:47,198 [189596326][1.46.2.1063] DEBUG - <<< Метод ExecutionToConveyerForm.OnItemInfoButton успешно завершен. Возвращаемое значение: отсутствует
2025.02.04 17:11:02,419 [189596326][1.46.2.1063] DEBUG - >>> Вызван метод ExecutionToConveyerForm.OnItemInputted...
2025.02.04 17:11:02,419 [189596326][1.46.2.1063] DEBUG - Параметры метода: 
2025.02.04 17:11:02,419 [189596326][1.46.2.1063] DEBUG - 	sender: InputField (label: Штрихкод:, text: TR0000013)
2025.02.04 17:11:02,419 [189596326][1.46.2.1063] DEBUG - 	args: InputtedEventArgs (Text: TR0000013, Source: Keyboard, BarcodeEventArgs: )
2025.02.04 17:11:02,425 [189596326][1.46.2.1063] DEBUG - >>> Вызван метод PickingService.ExecToConveyerFormOnBarcodeInput...
2025.02.04 17:11:02,426 [189596326][1.46.2.1063] DEBUG - Параметры метода: 
2025.02.04 17:11:02,426 [189596326][1.46.2.1063] DEBUG - 	employeeId: 000046
2025.02.04 17:11:02,426 [189596326][1.46.2.1063] DEBUG - 	taskId: MK55329089
2025.02.04 17:11:02,426 [189596326][1.46.2.1063] DEBUG - 	barcode: TR0000013
2025.02.04 17:11:02,426 [189596326][1.46.2.1063] DEBUG - 	message: не задано
2025.02.04 17:11:02,496 [189596326][1.46.2.1063] DEBUG - <<< Метод PickingService.ExecToConveyerFormOnBarcodeInput успешно завершен. Возвращаемое значение: 0
2025.02.04 17:11:02,503 [189596326][1.46.2.1063] DEBUG - >>> Вызван метод CommonService.GetBarcodeInfo...
2025.02.04 17:11:02,503 [189596326][1.46.2.1063] DEBUG - Параметры метода: 
2025.02.04 17:11:02,503 [189596326][1.46.2.1063] DEBUG - 	barcode: TR0000013
2025.02.04 17:11:02,503 [189596326][1.46.2.1063] DEBUG - 	taskId: MK55329089
2025.02.04 17:11:02,503 [189596326][1.46.2.1063] DEBUG - 	taskType: PickingToConveyer
2025.02.04 17:11:02,504 [189596326][1.46.2.1063] DEBUG - 	itemId: не задано
2025.02.04 17:11:02,582 [189596326][1.46.2.1063] DEBUG - <<< Метод CommonService.GetBarcodeInfo успешно завершен. Возвращаемое значение: отсутствует
2025.02.04 17:11:02,636 [189596326][1.46.2.1063] DEBUG - reader_ReadNotify
2025.02.04 17:11:02,640 [189596326][1.46.2.1063] DEBUG - reader_ReadNotify: Barcode='', Type='Unknown'
2025.02.04 17:11:02,645 [189596326][1.46.2.1063] DEBUG - reader_ReadNotify - выход
2025.02.04 17:11:04,705 [189596326][1.46.2.1063] ERROR - Выведено сообщение об ошибке:
Неверная упаковка!
2025.02.04 17:11:04,710 [189596326][1.46.2.1063] DEBUG - <<< Метод ExecutionToConveyerForm.OnItemInputted успешно завершен. Возвращаемое значение: отсутствует
2025.02.04 17:11:05,606 [189596326][1.46.2.1063] DEBUG - >>> Вызван метод ExecutionToConveyerForm.OnItemInfoButton...
2025.02.04 17:11:05,607 [189596326][1.46.2.1063] DEBUG - Параметры метода: 
2025.02.04 17:11:05,607 [189596326][1.46.2.1063] DEBUG - 	sender: PushingButton (name: _itemInfoButton, text: (F2))
2025.02.04 17:11:05,607 [189596326][1.46.2.1063] DEBUG - 	e: System.EventArgs
2025.02.04 17:11:05,612 [189596326][1.46.2.1063] DEBUG - >>> Вызван метод CommonService.GetNomenclature...
2025.02.04 17:11:05,612 [189596326][1.46.2.1063] DEBUG - Параметры метода: 
2025.02.04 17:11:05,612 [189596326][1.46.2.1063] DEBUG - 	itemId: TR0000013
2025.02.04 17:11:05,613 [189596326][1.46.2.1063] DEBUG - 	taskId: MK55329089
2025.02.04 17:11:05,613 [189596326][1.46.2.1063] DEBUG - 	taskType: PickingToConveyer
2025.02.04 17:11:05,673 [189596326][1.46.2.1063] DEBUG - <<< Метод CommonService.GetNomenclature успешно завершен. Возвращаемое значение: отсутствует
2025.02.04 17:11:05,727 [189596326][1.46.2.1063] DEBUG - reader_ReadNotify
2025.02.04 17:11:05,732 [189596326][1.46.2.1063] DEBUG - reader_ReadNotify: Barcode='', Type='Unknown'
2025.02.04 17:11:05,737 [189596326][1.46.2.1063] DEBUG - reader_ReadNotify - выход
2025.02.04 17:11:08,380 [189596326][1.46.2.1063] ERROR - Выведено сообщение об ошибке:
Не удалось получить информацию по товару
2025.02.04 17:11:08,385 [189596326][1.46.2.1063] DEBUG - <<< Метод ExecutionToConveyerForm.OnItemInfoButton успешно завершен. Возвращаемое значение: отсутствует
2025.02.04 17:12:08,190 [189465030][(null)] DEBUG - POWER_BROADCAST: Message=PBT_TRANSITION, Flags=POWER_STATE_ON, POWER_STATE_PASSWORD (0x10010000)
2025.02.05 18:51:45,726 [189465030][(null)] DEBUG - POWER_BROADCAST: Message=PBT_TRANSITION, Flags=POWER_STATE_RESET (0x800000)
******************* Приложение запущено 2025.02.05 18:52:51,698 [v1.46.2.1063] **************************
2025.02.05 18:52:51,732 [185729362][1.46.2.1063] DEBUG - >>> Вызван метод CommonService.GetSettings...
2025.02.05 18:52:52,322 [185729362][1.46.2.1063] DEBUG - <<< Метод CommonService.GetSettings успешно завершен. Возвращаемое значение: CommonServiceProxy.SetupDto
2025.02.05 18:52:52,330 [185729362][1.46.2.1063] DEBUG - Получены настройки: InterfaceUnlockAvailable=False, TsdSettings={SerialNumber=73E65B7606490108011510102E7C0600, InterfaceUnlocked=True}
2025.02.05 18:52:52,337 [185729362][1.46.2.1063] INFO - Сервер 172.16.15.31:14215, customTimeout=
2025.02.05 18:52:52,408 [185729362][1.46.2.1063] INFO - Загружены настройки сканера из файла \Application\ScanCity.Convey\ScannerSettings_20101011174300.usi
2025.02.05 18:52:52,637 [185729362][1.46.2.1063] INFO - Модель терминала: Unknown
2025.02.05 18:52:52,749 [185729362][1.46.2.1063] DEBUG - Файл pdb.ini найден и считан (56 строк)
2025.02.05 18:52:52,757 [185729362][1.46.2.1063] DEBUG - >>> Вызван метод AuthenticationForm.RenderControls...
2025.02.05 18:52:52,778 [185729362][1.46.2.1063] DEBUG - <<< Метод AuthenticationForm.RenderControls успешно завершен. Возвращаемое значение: отсутствует
2025.02.05 18:52:52,931 [185729362][1.46.2.1063] DEBUG - reader_ReadNotify
2025.02.05 18:52:52,981 [185729362][1.46.2.1063] DEBUG - reader_ReadNotify: Barcode='', Type='Unknown'
2025.02.05 18:52:53,000 [185729362][1.46.2.1063] DEBUG - reader_ReadNotify - выход
2025.02.05 18:52:53,015 [185729362][1.46.2.1063] DEBUG - reader_ReadNotify
2025.02.05 18:52:53,021 [185729362][1.46.2.1063] DEBUG - reader_ReadNotify: Barcode='', Type='Unknown'
2025.02.05 18:52:53,026 [185729362][1.46.2.1063] DEBUG - reader_ReadNotify - выход
2025.02.05 18:52:53,735 [185729362][1.46.2.1063] DEBUG - >>> Вызван метод CommonService.UpdateSettings...
2025.02.05 18:52:53,736 [185729362][1.46.2.1063] DEBUG - Параметры метода: 
2025.02.05 18:52:53,736 [185729362][1.46.2.1063] DEBUG - 	scannerSettingsFileName: ScannerSettings_20101011174300.usi
2025.02.05 18:52:54,077 [185729362][1.46.2.1063] DEBUG - <<< Метод CommonService.UpdateSettings успешно завершен. Возвращаемое значение: CommonServiceProxy.SettingsDto
2025.02.05 18:53:00,305 [185729362][1.46.2.1063] DEBUG - >>> Вызван метод AuthenticationForm.OnEmployeeInputted...
2025.02.05 18:53:00,305 [185729362][1.46.2.1063] DEBUG - Параметры метода: 
2025.02.05 18:53:00,305 [185729362][1.46.2.1063] DEBUG - 	sender: InputField (label: ШК сотрудника:, text: 44444)
2025.02.05 18:53:00,305 [185729362][1.46.2.1063] DEBUG - 	args: InputtedEventArgs (Text: 44444, Source: Keyboard, BarcodeEventArgs: )
2025.02.05 18:53:00,342 [185729362][1.46.2.1063] DEBUG - >>> Вызван метод AuthenticationService.LogonUser...
2025.02.05 18:53:00,342 [185729362][1.46.2.1063] DEBUG - Параметры метода: 
2025.02.05 18:53:00,342 [185729362][1.46.2.1063] DEBUG - 	barcode: 44444
2025.02.05 18:53:00,342 [185729362][1.46.2.1063] DEBUG - 	employee: не задано
2025.02.05 18:53:00,434 [185729362][1.46.2.1063] DEBUG - <<< Метод AuthenticationService.LogonUser успешно завершен. Возвращаемое значение: 0
2025.02.05 18:53:00,440 [185729362][1.46.2.1063] DEBUG - >>> Вызван метод CommonService.IsThereRequestUnprocessedByAx...
2025.02.05 18:53:00,440 [185729362][1.46.2.1063] DEBUG - Параметры метода: 
2025.02.05 18:53:00,440 [185729362][1.46.2.1063] DEBUG - 	employeeId: 1471
2025.02.05 18:53:00,499 [185729362][1.46.2.1063] DEBUG - <<< Метод CommonService.IsThereRequestUnprocessedByAx успешно завершен. Возвращаемое значение: False
2025.02.05 18:53:00,505 [185729362][1.46.2.1063] DEBUG - >>> Вызван метод CommonService.GetPersonalizationSettings...
2025.02.05 18:53:00,505 [185729362][1.46.2.1063] DEBUG - Параметры метода: 
2025.02.05 18:53:00,505 [185729362][1.46.2.1063] DEBUG - 	employeeId: 1471
2025.02.05 18:53:00,577 [185729362][1.46.2.1063] DEBUG - <<< Метод CommonService.GetPersonalizationSettings успешно завершен. Возвращаемое значение: CommonServiceProxy.PersonalizationDto
2025.02.05 18:53:00,637 [185729362][1.46.2.1063] DEBUG - >>> Вызван метод BusinessLogicService.GetUnfinishedTaskAndGoToExecution...
2025.02.05 18:53:00,637 [185729362][1.46.2.1063] DEBUG - Параметры метода: 
2025.02.05 18:53:00,638 [185729362][1.46.2.1063] DEBUG - 	employee: ServiceProxy.EmployeeDto
2025.02.05 18:53:00,643 [185729362][1.46.2.1063] DEBUG - >>> Вызван метод CommonService.IsThereUnfinishedTask...
2025.02.05 18:53:00,643 [185729362][1.46.2.1063] DEBUG - Параметры метода: 
2025.02.05 18:53:00,643 [185729362][1.46.2.1063] DEBUG - 	employeeId: 1471
2025.02.05 18:53:00,708 [185729362][1.46.2.1063] DEBUG - <<< Метод CommonService.IsThereUnfinishedTask успешно завершен. Возвращаемое значение: False
2025.02.05 18:53:00,713 [185729362][1.46.2.1063] DEBUG - <<< Метод BusinessLogicService.GetUnfinishedTaskAndGoToExecution успешно завершен. Возвращаемое значение: False
2025.02.05 18:53:00,861 [185729362][1.46.2.1063] DEBUG - >>> Вызван метод TaskSelectionForm.AllocateControls...
2025.02.05 18:53:00,954 [185729362][1.46.2.1063] DEBUG - <<< Метод TaskSelectionForm.AllocateControls успешно завершен. Возвращаемое значение: отсутствует
2025.02.05 18:53:05,307 [185729362][1.46.2.1063] DEBUG - >>> Вызван метод TaskSelectionForm.OnFormKeyDown...
2025.02.05 18:53:05,307 [185729362][1.46.2.1063] DEBUG - Параметры метода: 
2025.02.05 18:53:05,307 [185729362][1.46.2.1063] DEBUG - 	sender: ScanCity.ConveyerTerminal.DeviceClient.UI.TaskSelectionForm
2025.02.05 18:53:05,308 [185729362][1.46.2.1063] DEBUG - 	e: System.Windows.Forms.KeyEventArgs
2025.02.05 18:53:05,313 [185729362][1.46.2.1063] DEBUG - <<< Метод TaskSelectionForm.OnFormKeyDown успешно завершен. Возвращаемое значение: отсутствует
2025.02.05 18:53:05,450 [185729362][1.46.2.1063] DEBUG - >>> Вызван метод TaskSelectionForm.OnFormKeyDown...
2025.02.05 18:53:05,451 [185729362][1.46.2.1063] DEBUG - Параметры метода: 
2025.02.05 18:53:05,451 [185729362][1.46.2.1063] DEBUG - 	sender: ScanCity.ConveyerTerminal.DeviceClient.UI.TaskSelectionForm
2025.02.05 18:53:05,451 [185729362][1.46.2.1063] DEBUG - 	e: System.Windows.Forms.KeyEventArgs
2025.02.05 18:53:05,456 [185729362][1.46.2.1063] DEBUG - <<< Метод TaskSelectionForm.OnFormKeyDown успешно завершен. Возвращаемое значение: отсутствует
2025.02.05 18:53:07,490 [185729362][1.46.2.1063] DEBUG - >>> Вызван метод TaskSelectionForm.OnFormKeyDown...
2025.02.05 18:53:07,490 [185729362][1.46.2.1063] DEBUG - Параметры метода: 
2025.02.05 18:53:07,491 [185729362][1.46.2.1063] DEBUG - 	sender: ScanCity.ConveyerTerminal.DeviceClient.UI.TaskSelectionForm
2025.02.05 18:53:07,491 [185729362][1.46.2.1063] DEBUG - 	e: System.Windows.Forms.KeyEventArgs
2025.02.05 18:53:07,496 [185729362][1.46.2.1063] DEBUG - <<< Метод TaskSelectionForm.OnFormKeyDown успешно завершен. Возвращаемое значение: отсутствует
2025.02.05 18:53:07,641 [185729362][1.46.2.1063] DEBUG - >>> Вызван метод TaskSelectionForm.OnFormKeyDown...
2025.02.05 18:53:07,641 [185729362][1.46.2.1063] DEBUG - Параметры метода: 
2025.02.05 18:53:07,641 [185729362][1.46.2.1063] DEBUG - 	sender: ScanCity.ConveyerTerminal.DeviceClient.UI.TaskSelectionForm
2025.02.05 18:53:07,642 [185729362][1.46.2.1063] DEBUG - 	e: System.Windows.Forms.KeyEventArgs
2025.02.05 18:53:07,646 [185729362][1.46.2.1063] DEBUG - <<< Метод TaskSelectionForm.OnFormKeyDown успешно завершен. Возвращаемое значение: отсутствует
2025.02.05 18:53:08,526 [185729362][1.46.2.1063] DEBUG - >>> Вызван метод TaskSelectionForm.OnFormKeyDown...
2025.02.05 18:53:08,526 [185729362][1.46.2.1063] DEBUG - Параметры метода: 
2025.02.05 18:53:08,527 [185729362][1.46.2.1063] DEBUG - 	sender: ScanCity.ConveyerTerminal.DeviceClient.UI.TaskSelectionForm
2025.02.05 18:53:08,527 [185729362][1.46.2.1063] DEBUG - 	e: System.Windows.Forms.KeyEventArgs
2025.02.05 18:53:08,532 [185729362][1.46.2.1063] DEBUG - <<< Метод TaskSelectionForm.OnFormKeyDown успешно завершен. Возвращаемое значение: отсутствует
2025.02.05 18:53:08,873 [185729362][1.46.2.1063] DEBUG - >>> Вызван метод TaskSelectionForm.OnFormKeyDown...
2025.02.05 18:53:08,873 [185729362][1.46.2.1063] DEBUG - Параметры метода: 
2025.02.05 18:53:08,873 [185729362][1.46.2.1063] DEBUG - 	sender: ScanCity.ConveyerTerminal.DeviceClient.UI.TaskSelectionForm
2025.02.05 18:53:08,874 [185729362][1.46.2.1063] DEBUG - 	e: System.Windows.Forms.KeyEventArgs
2025.02.05 18:53:08,879 [185729362][1.46.2.1063] DEBUG - <<< Метод TaskSelectionForm.OnFormKeyDown успешно завершен. Возвращаемое значение: отсутствует
2025.02.05 18:53:10,033 [185729362][1.46.2.1063] DEBUG - >>> Вызван метод TaskSelectionForm.OnFormKeyDown...
2025.02.05 18:53:10,033 [185729362][1.46.2.1063] DEBUG - Параметры метода: 
2025.02.05 18:53:10,033 [185729362][1.46.2.1063] DEBUG - 	sender: ScanCity.ConveyerTerminal.DeviceClient.UI.TaskSelectionForm
2025.02.05 18:53:10,033 [185729362][1.46.2.1063] DEBUG - 	e: System.Windows.Forms.KeyEventArgs
2025.02.05 18:53:10,038 [185729362][1.46.2.1063] DEBUG - <<< Метод TaskSelectionForm.OnFormKeyDown успешно завершен. Возвращаемое значение: отсутствует
2025.02.05 18:53:10,196 [185729362][1.46.2.1063] DEBUG - >>> Вызван метод TaskSelectionForm.OnFormKeyDown...
2025.02.05 18:53:10,197 [185729362][1.46.2.1063] DEBUG - Параметры метода: 
2025.02.05 18:53:10,197 [185729362][1.46.2.1063] DEBUG - 	sender: ScanCity.ConveyerTerminal.DeviceClient.UI.TaskSelectionForm
2025.02.05 18:53:10,197 [185729362][1.46.2.1063] DEBUG - 	e: System.Windows.Forms.KeyEventArgs
2025.02.05 18:53:10,202 [185729362][1.46.2.1063] DEBUG - <<< Метод TaskSelectionForm.OnFormKeyDown успешно завершен. Возвращаемое значение: отсутствует
2025.02.05 18:53:11,115 [185729362][1.46.2.1063] DEBUG - >>> Вызван метод TaskSelectionForm.OnFormKeyDown...
2025.02.05 18:53:11,115 [185729362][1.46.2.1063] DEBUG - Параметры метода: 
2025.02.05 18:53:11,115 [185729362][1.46.2.1063] DEBUG - 	sender: ScanCity.ConveyerTerminal.DeviceClient.UI.TaskSelectionForm
2025.02.05 18:53:11,116 [185729362][1.46.2.1063] DEBUG - 	e: System.Windows.Forms.KeyEventArgs
2025.02.05 18:53:11,120 [185729362][1.46.2.1063] DEBUG - <<< Метод TaskSelectionForm.OnFormKeyDown успешно завершен. Возвращаемое значение: отсутствует
2025.02.05 18:53:11,188 [185729362][1.46.2.1063] DEBUG - >>> Вызван метод TaskSelectionForm.OnForkliftInputted...
2025.02.05 18:53:11,188 [185729362][1.46.2.1063] DEBUG - Параметры метода: 
2025.02.05 18:53:11,188 [185729362][1.46.2.1063] DEBUG - 	sender: InputField (label: ШК погрузчика:, text: telezhka)
2025.02.05 18:53:11,189 [185729362][1.46.2.1063] DEBUG - 	args: InputtedEventArgs (Text: telezhka, Source: Keyboard, BarcodeEventArgs: )
2025.02.05 18:53:11,194 [185729362][1.46.2.1063] DEBUG - >>> Вызван метод BusinessLogicService.ValidateForkliftId...
2025.02.05 18:53:11,194 [185729362][1.46.2.1063] DEBUG - Параметры метода: 
2025.02.05 18:53:11,194 [185729362][1.46.2.1063] DEBUG - 	barcode: telezhka
2025.02.05 18:53:11,243 [185729362][1.46.2.1063] DEBUG - <<< Метод BusinessLogicService.ValidateForkliftId успешно завершен. Возвращаемое значение: True
2025.02.05 18:53:11,262 [185729362][1.46.2.1063] DEBUG - <<< Метод TaskSelectionForm.OnForkliftInputted успешно завершен. Возвращаемое значение: отсутствует
2025.02.05 18:53:12,561 [185729362][1.46.2.1063] DEBUG - >>> Вызван метод ManualMovementSubMenu.OnAcceptSubMenuKeyDown...
2025.02.05 18:53:12,562 [185729362][1.46.2.1063] DEBUG - Параметры метода: 
2025.02.05 18:53:12,562 [185729362][1.46.2.1063] DEBUG - 	sender: ScanCity.ConveyerTerminal.DeviceClient.UI.ManualMovement.ManualMovementSubMenu
2025.02.05 18:53:12,562 [185729362][1.46.2.1063] DEBUG - 	e: System.Windows.Forms.KeyEventArgs
2025.02.05 18:53:12,567 [185729362][1.46.2.1063] DEBUG - <<< Метод ManualMovementSubMenu.OnAcceptSubMenuKeyDown успешно завершен. Возвращаемое значение: отсутствует
2025.02.05 18:53:17,117 [185729362][1.46.2.1063] DEBUG - >>> Вызван метод TaskSelectionForm.OnFormKeyDown...
2025.02.05 18:53:17,117 [185729362][1.46.2.1063] DEBUG - Параметры метода: 
2025.02.05 18:53:17,117 [185729362][1.46.2.1063] DEBUG - 	sender: ScanCity.ConveyerTerminal.DeviceClient.UI.TaskSelectionForm
2025.02.05 18:53:17,117 [185729362][1.46.2.1063] DEBUG - 	e: System.Windows.Forms.KeyEventArgs
2025.02.05 18:53:17,122 [185729362][1.46.2.1063] DEBUG - <<< Метод TaskSelectionForm.OnFormKeyDown успешно завершен. Возвращаемое значение: отсутствует
2025.02.05 18:53:24,304 [185729362][1.46.2.1063] DEBUG - >>> Вызван метод TaskSelectionForm.OnTaskSelectionFormClosing...
2025.02.05 18:53:24,304 [185729362][1.46.2.1063] DEBUG - Параметры метода: 
2025.02.05 18:53:24,305 [185729362][1.46.2.1063] DEBUG - 	sender: ScanCity.ConveyerTerminal.DeviceClient.UI.TaskSelectionForm
2025.02.05 18:53:24,305 [185729362][1.46.2.1063] DEBUG - 	e: System.ComponentModel.CancelEventArgs
2025.02.05 18:53:24,310 [185729362][1.46.2.1063] DEBUG - >>> Вызван метод AuthenticationService.LogoffUser...
2025.02.05 18:53:24,311 [185729362][1.46.2.1063] DEBUG - Параметры метода: 
2025.02.05 18:53:24,311 [185729362][1.46.2.1063] DEBUG - 	employeeId: 1471
2025.02.05 18:53:24,367 [185729362][1.46.2.1063] DEBUG - <<< Метод AuthenticationService.LogoffUser успешно завершен. Возвращаемое значение: отсутствует
2025.02.05 18:53:24,372 [185729362][1.46.2.1063] DEBUG - <<< Метод TaskSelectionForm.OnTaskSelectionFormClosing успешно завершен. Возвращаемое значение: отсутствует
2025.02.05 18:53:24,471 [185729362][1.46.2.1063] DEBUG - <<< Метод AuthenticationForm.OnEmployeeInputted успешно завершен. Возвращаемое значение: отсутствует
2025.02.05 18:53:49,216 [185729362][1.46.2.1063] DEBUG - >>> Вызван метод AuthenticationForm.OnEmployeeInputted...
2025.02.05 18:53:49,217 [185729362][1.46.2.1063] DEBUG - Параметры метода: 
2025.02.05 18:53:49,217 [185729362][1.46.2.1063] DEBUG - 	sender: InputField (label: ШК сотрудника:, text: 44444)
2025.02.05 18:53:49,217 [185729362][1.46.2.1063] DEBUG - 	args: InputtedEventArgs (Text: 44444, Source: Keyboard, BarcodeEventArgs: )
2025.02.05 18:53:49,223 [185729362][1.46.2.1063] DEBUG - >>> Вызван метод AuthenticationService.LogonUser...
2025.02.05 18:53:49,223 [185729362][1.46.2.1063] DEBUG - Параметры метода: 
2025.02.05 18:53:49,223 [185729362][1.46.2.1063] DEBUG - 	barcode: 44444
2025.02.05 18:53:49,223 [185729362][1.46.2.1063] DEBUG - 	employee: не задано
2025.02.05 18:53:49,274 [185729362][1.46.2.1063] DEBUG - <<< Метод AuthenticationService.LogonUser успешно завершен. Возвращаемое значение: 0
2025.02.05 18:53:49,279 [185729362][1.46.2.1063] DEBUG - >>> Вызван метод CommonService.IsThereRequestUnprocessedByAx...
2025.02.05 18:53:49,279 [185729362][1.46.2.1063] DEBUG - Параметры метода: 
2025.02.05 18:53:49,280 [185729362][1.46.2.1063] DEBUG - 	employeeId: 1471
2025.02.05 18:53:49,326 [185729362][1.46.2.1063] DEBUG - <<< Метод CommonService.IsThereRequestUnprocessedByAx успешно завершен. Возвращаемое значение: False
2025.02.05 18:53:49,331 [185729362][1.46.2.1063] DEBUG - >>> Вызван метод CommonService.GetPersonalizationSettings...
2025.02.05 18:53:49,331 [185729362][1.46.2.1063] DEBUG - Параметры метода: 
2025.02.05 18:53:49,331 [185729362][1.46.2.1063] DEBUG - 	employeeId: 1471
2025.02.05 18:53:49,393 [185729362][1.46.2.1063] DEBUG - <<< Метод CommonService.GetPersonalizationSettings успешно завершен. Возвращаемое значение: CommonServiceProxy.PersonalizationDto
2025.02.05 18:53:49,398 [185729362][1.46.2.1063] DEBUG - >>> Вызван метод BusinessLogicService.GetUnfinishedTaskAndGoToExecution...
2025.02.05 18:53:49,399 [185729362][1.46.2.1063] DEBUG - Параметры метода: 
2025.02.05 18:53:49,399 [185729362][1.46.2.1063] DEBUG - 	employee: ServiceProxy.EmployeeDto
2025.02.05 18:53:49,404 [185729362][1.46.2.1063] DEBUG - >>> Вызван метод CommonService.IsThereUnfinishedTask...
2025.02.05 18:53:49,404 [185729362][1.46.2.1063] DEBUG - Параметры метода: 
2025.02.05 18:53:49,404 [185729362][1.46.2.1063] DEBUG - 	employeeId: 1471
2025.02.05 18:53:49,457 [185729362][1.46.2.1063] DEBUG - <<< Метод CommonService.IsThereUnfinishedTask успешно завершен. Возвращаемое значение: False
2025.02.05 18:53:49,462 [185729362][1.46.2.1063] DEBUG - <<< Метод BusinessLogicService.GetUnfinishedTaskAndGoToExecution успешно завершен. Возвращаемое значение: False
2025.02.05 18:53:49,536 [185729362][1.46.2.1063] DEBUG - >>> Вызван метод TaskSelectionForm.AllocateControls...
2025.02.05 18:53:49,619 [185729362][1.46.2.1063] DEBUG - <<< Метод TaskSelectionForm.AllocateControls успешно завершен. Возвращаемое значение: отсутствует
2025.02.05 18:53:51,698 [185729362][1.46.2.1063] DEBUG - >>> Вызван метод TaskSelectionForm.OnFormKeyDown...
2025.02.05 18:53:51,698 [185729362][1.46.2.1063] DEBUG - Параметры метода: 
2025.02.05 18:53:51,698 [185729362][1.46.2.1063] DEBUG - 	sender: ScanCity.ConveyerTerminal.DeviceClient.UI.TaskSelectionForm
2025.02.05 18:53:51,699 [185729362][1.46.2.1063] DEBUG - 	e: System.Windows.Forms.KeyEventArgs
2025.02.05 18:53:51,704 [185729362][1.46.2.1063] DEBUG - <<< Метод TaskSelectionForm.OnFormKeyDown успешно завершен. Возвращаемое значение: отсутствует
2025.02.05 18:53:51,804 [185729362][1.46.2.1063] DEBUG - >>> Вызван метод TaskSelectionForm.OnFormKeyDown...
2025.02.05 18:53:51,805 [185729362][1.46.2.1063] DEBUG - Параметры метода: 
2025.02.05 18:53:51,805 [185729362][1.46.2.1063] DEBUG - 	sender: ScanCity.ConveyerTerminal.DeviceClient.UI.TaskSelectionForm
2025.02.05 18:53:51,805 [185729362][1.46.2.1063] DEBUG - 	e: System.Windows.Forms.KeyEventArgs
2025.02.05 18:53:51,810 [185729362][1.46.2.1063] DEBUG - <<< Метод TaskSelectionForm.OnFormKeyDown успешно завершен. Возвращаемое значение: отсутствует
2025.02.05 18:53:54,913 [185729362][1.46.2.1063] DEBUG - >>> Вызван метод TaskSelectionForm.OnFormKeyDown...
2025.02.05 18:53:54,913 [185729362][1.46.2.1063] DEBUG - Параметры метода: 
2025.02.05 18:53:54,913 [185729362][1.46.2.1063] DEBUG - 	sender: ScanCity.ConveyerTerminal.DeviceClient.UI.TaskSelectionForm
2025.02.05 18:53:54,914 [185729362][1.46.2.1063] DEBUG - 	e: System.Windows.Forms.KeyEventArgs
2025.02.05 18:53:54,919 [185729362][1.46.2.1063] DEBUG - <<< Метод TaskSelectionForm.OnFormKeyDown успешно завершен. Возвращаемое значение: отсутствует
2025.02.05 18:53:55,042 [185729362][1.46.2.1063] DEBUG - >>> Вызван метод TaskSelectionForm.OnFormKeyDown...
2025.02.05 18:53:55,042 [185729362][1.46.2.1063] DEBUG - Параметры метода: 
2025.02.05 18:53:55,042 [185729362][1.46.2.1063] DEBUG - 	sender: ScanCity.ConveyerTerminal.DeviceClient.UI.TaskSelectionForm
2025.02.05 18:53:55,043 [185729362][1.46.2.1063] DEBUG - 	e: System.Windows.Forms.KeyEventArgs
2025.02.05 18:53:55,047 [185729362][1.46.2.1063] DEBUG - <<< Метод TaskSelectionForm.OnFormKeyDown успешно завершен. Возвращаемое значение: отсутствует
2025.02.05 18:53:55,938 [185729362][1.46.2.1063] DEBUG - >>> Вызван метод TaskSelectionForm.OnFormKeyDown...
2025.02.05 18:53:55,939 [185729362][1.46.2.1063] DEBUG - Параметры метода: 
2025.02.05 18:53:55,939 [185729362][1.46.2.1063] DEBUG - 	sender: ScanCity.ConveyerTerminal.DeviceClient.UI.TaskSelectionForm
2025.02.05 18:53:55,939 [185729362][1.46.2.1063] DEBUG - 	e: System.Windows.Forms.KeyEventArgs
2025.02.05 18:53:55,944 [185729362][1.46.2.1063] DEBUG - <<< Метод TaskSelectionForm.OnFormKeyDown успешно завершен. Возвращаемое значение: отсутствует
2025.02.05 18:53:56,221 [185729362][1.46.2.1063] DEBUG - >>> Вызван метод TaskSelectionForm.OnFormKeyDown...
2025.02.05 18:53:56,221 [185729362][1.46.2.1063] DEBUG - Параметры метода: 
2025.02.05 18:53:56,222 [185729362][1.46.2.1063] DEBUG - 	sender: ScanCity.ConveyerTerminal.DeviceClient.UI.TaskSelectionForm
2025.02.05 18:53:56,222 [185729362][1.46.2.1063] DEBUG - 	e: System.Windows.Forms.KeyEventArgs
2025.02.05 18:53:56,226 [185729362][1.46.2.1063] DEBUG - <<< Метод TaskSelectionForm.OnFormKeyDown успешно завершен. Возвращаемое значение: отсутствует
2025.02.05 18:53:56,996 [185729362][1.46.2.1063] DEBUG - >>> Вызван метод TaskSelectionForm.OnFormKeyDown...
2025.02.05 18:53:56,997 [185729362][1.46.2.1063] DEBUG - Параметры метода: 
2025.02.05 18:53:56,997 [185729362][1.46.2.1063] DEBUG - 	sender: ScanCity.ConveyerTerminal.DeviceClient.UI.TaskSelectionForm
2025.02.05 18:53:56,997 [185729362][1.46.2.1063] DEBUG - 	e: System.Windows.Forms.KeyEventArgs
2025.02.05 18:53:57,002 [185729362][1.46.2.1063] DEBUG - <<< Метод TaskSelectionForm.OnFormKeyDown успешно завершен. Возвращаемое значение: отсутствует
2025.02.05 18:53:57,087 [185729362][1.46.2.1063] DEBUG - >>> Вызван метод TaskSelectionForm.OnFormKeyDown...
2025.02.05 18:53:57,087 [185729362][1.46.2.1063] DEBUG - Параметры метода: 
2025.02.05 18:53:57,088 [185729362][1.46.2.1063] DEBUG - 	sender: ScanCity.ConveyerTerminal.DeviceClient.UI.TaskSelectionForm
2025.02.05 18:53:57,088 [185729362][1.46.2.1063] DEBUG - 	e: System.Windows.Forms.KeyEventArgs
2025.02.05 18:53:57,093 [185729362][1.46.2.1063] DEBUG - <<< Метод TaskSelectionForm.OnFormKeyDown успешно завершен. Возвращаемое значение: отсутствует
2025.02.05 18:53:58,185 [185729362][1.46.2.1063] DEBUG - >>> Вызван метод TaskSelectionForm.OnFormKeyDown...
2025.02.05 18:53:58,185 [185729362][1.46.2.1063] DEBUG - Параметры метода: 
2025.02.05 18:53:58,185 [185729362][1.46.2.1063] DEBUG - 	sender: ScanCity.ConveyerTerminal.DeviceClient.UI.TaskSelectionForm
2025.02.05 18:53:58,186 [185729362][1.46.2.1063] DEBUG - 	e: System.Windows.Forms.KeyEventArgs
2025.02.05 18:53:58,190 [185729362][1.46.2.1063] DEBUG - <<< Метод TaskSelectionForm.OnFormKeyDown успешно завершен. Возвращаемое значение: отсутствует
2025.02.05 18:53:58,255 [185729362][1.46.2.1063] DEBUG - >>> Вызван метод TaskSelectionForm.OnForkliftInputted...
2025.02.05 18:53:58,255 [185729362][1.46.2.1063] DEBUG - Параметры метода: 
2025.02.05 18:53:58,255 [185729362][1.46.2.1063] DEBUG - 	sender: InputField (label: ШК погрузчика:, text: telezhka)
2025.02.05 18:53:58,255 [185729362][1.46.2.1063] DEBUG - 	args: InputtedEventArgs (Text: telezhka, Source: Keyboard, BarcodeEventArgs: )
2025.02.05 18:53:58,260 [185729362][1.46.2.1063] DEBUG - >>> Вызван метод BusinessLogicService.ValidateForkliftId...
2025.02.05 18:53:58,260 [185729362][1.46.2.1063] DEBUG - Параметры метода: 
2025.02.05 18:53:58,260 [185729362][1.46.2.1063] DEBUG - 	barcode: telezhka
2025.02.05 18:53:58,301 [185729362][1.46.2.1063] DEBUG - <<< Метод BusinessLogicService.ValidateForkliftId успешно завершен. Возвращаемое значение: True
2025.02.05 18:53:58,313 [185729362][1.46.2.1063] DEBUG - <<< Метод TaskSelectionForm.OnForkliftInputted успешно завершен. Возвращаемое значение: отсутствует
2025.02.05 18:53:59,835 [185729362][1.46.2.1063] DEBUG - >>> Вызван метод TaskSelectionForm.OnFormKeyDown...
2025.02.05 18:53:59,835 [185729362][1.46.2.1063] DEBUG - Параметры метода: 
2025.02.05 18:53:59,835 [185729362][1.46.2.1063] DEBUG - 	sender: ScanCity.ConveyerTerminal.DeviceClient.UI.TaskSelectionForm
2025.02.05 18:53:59,835 [185729362][1.46.2.1063] DEBUG - 	e: System.Windows.Forms.KeyEventArgs
2025.02.05 18:53:59,840 [185729362][1.46.2.1063] DEBUG - <<< Метод TaskSelectionForm.OnFormKeyDown успешно завершен. Возвращаемое значение: отсутствует
2025.02.05 18:54:00,035 [185729362][1.46.2.1063] DEBUG - >>> Вызван метод TaskSelectionForm.OnFormKeyDown...
2025.02.05 18:54:00,036 [185729362][1.46.2.1063] DEBUG - Параметры метода: 
2025.02.05 18:54:00,036 [185729362][1.46.2.1063] DEBUG - 	sender: ScanCity.ConveyerTerminal.DeviceClient.UI.TaskSelectionForm
2025.02.05 18:54:00,036 [185729362][1.46.2.1063] DEBUG - 	e: System.Windows.Forms.KeyEventArgs
2025.02.05 18:54:00,041 [185729362][1.46.2.1063] DEBUG - <<< Метод TaskSelectionForm.OnFormKeyDown успешно завершен. Возвращаемое значение: отсутствует
2025.02.05 18:54:00,872 [185729362][1.46.2.1063] DEBUG - >>> Вызван метод TaskSelectionForm.OnFormKeyDown...
2025.02.05 18:54:00,872 [185729362][1.46.2.1063] DEBUG - Параметры метода: 
2025.02.05 18:54:00,872 [185729362][1.46.2.1063] DEBUG - 	sender: ScanCity.ConveyerTerminal.DeviceClient.UI.TaskSelectionForm
2025.02.05 18:54:00,873 [185729362][1.46.2.1063] DEBUG - 	e: System.Windows.Forms.KeyEventArgs
2025.02.05 18:54:00,878 [185729362][1.46.2.1063] DEBUG - <<< Метод TaskSelectionForm.OnFormKeyDown успешно завершен. Возвращаемое значение: отсутствует
2025.02.05 18:54:01,343 [185729362][1.46.2.1063] DEBUG - >>> Вызван метод TaskSelectionForm.OnFormKeyDown...
2025.02.05 18:54:01,343 [185729362][1.46.2.1063] DEBUG - Параметры метода: 
2025.02.05 18:54:01,344 [185729362][1.46.2.1063] DEBUG - 	sender: ScanCity.ConveyerTerminal.DeviceClient.UI.TaskSelectionForm
2025.02.05 18:54:01,344 [185729362][1.46.2.1063] DEBUG - 	e: System.Windows.Forms.KeyEventArgs
2025.02.05 18:54:01,349 [185729362][1.46.2.1063] DEBUG - <<< Метод TaskSelectionForm.OnFormKeyDown успешно завершен. Возвращаемое значение: отсутствует
2025.02.05 18:54:01,531 [185729362][1.46.2.1063] DEBUG - >>> Вызван метод TaskSelectionForm.OnFormKeyDown...
2025.02.05 18:54:01,531 [185729362][1.46.2.1063] DEBUG - Параметры метода: 
2025.02.05 18:54:01,531 [185729362][1.46.2.1063] DEBUG - 	sender: ScanCity.ConveyerTerminal.DeviceClient.UI.TaskSelectionForm
2025.02.05 18:54:01,531 [185729362][1.46.2.1063] DEBUG - 	e: System.Windows.Forms.KeyEventArgs
2025.02.05 18:54:01,536 [185729362][1.46.2.1063] DEBUG - <<< Метод TaskSelectionForm.OnFormKeyDown успешно завершен. Возвращаемое значение: отсутствует
2025.02.05 18:54:01,706 [185729362][1.46.2.1063] DEBUG - >>> Вызван метод TaskSelectionForm.OnFormKeyDown...
2025.02.05 18:54:01,706 [185729362][1.46.2.1063] DEBUG - Параметры метода: 
2025.02.05 18:54:01,706 [185729362][1.46.2.1063] DEBUG - 	sender: ScanCity.ConveyerTerminal.DeviceClient.UI.TaskSelectionForm
2025.02.05 18:54:01,707 [185729362][1.46.2.1063] DEBUG - 	e: System.Windows.Forms.KeyEventArgs
2025.02.05 18:54:01,711 [185729362][1.46.2.1063] DEBUG - <<< Метод TaskSelectionForm.OnFormKeyDown успешно завершен. Возвращаемое значение: отсутствует
2025.02.05 18:54:03,706 [185729362][1.46.2.1063] DEBUG - >>> Вызван метод TaskSelectionForm.OnFormKeyDown...
2025.02.05 18:54:03,707 [185729362][1.46.2.1063] DEBUG - Параметры метода: 
2025.02.05 18:54:03,707 [185729362][1.46.2.1063] DEBUG - 	sender: ScanCity.ConveyerTerminal.DeviceClient.UI.TaskSelectionForm
2025.02.05 18:54:03,707 [185729362][1.46.2.1063] DEBUG - 	e: System.Windows.Forms.KeyEventArgs
2025.02.05 18:54:03,712 [185729362][1.46.2.1063] DEBUG - <<< Метод TaskSelectionForm.OnFormKeyDown успешно завершен. Возвращаемое значение: отсутствует
2025.02.05 18:54:04,826 [185729362][1.46.2.1063] DEBUG - >>> Вызван метод TaskSelectionForm.OnFormKeyDown...
2025.02.05 18:54:04,827 [185729362][1.46.2.1063] DEBUG - Параметры метода: 
2025.02.05 18:54:04,827 [185729362][1.46.2.1063] DEBUG - 	sender: ScanCity.ConveyerTerminal.DeviceClient.UI.TaskSelectionForm
2025.02.05 18:54:04,827 [185729362][1.46.2.1063] DEBUG - 	e: System.Windows.Forms.KeyEventArgs
2025.02.05 18:54:04,832 [185729362][1.46.2.1063] DEBUG - <<< Метод TaskSelectionForm.OnFormKeyDown успешно завершен. Возвращаемое значение: отсутствует
2025.02.05 18:54:04,989 [185729362][1.46.2.1063] DEBUG - >>> Вызван метод TaskSelectionForm.OnFormKeyDown...
2025.02.05 18:54:04,989 [185729362][1.46.2.1063] DEBUG - Параметры метода: 
2025.02.05 18:54:04,989 [185729362][1.46.2.1063] DEBUG - 	sender: ScanCity.ConveyerTerminal.DeviceClient.UI.TaskSelectionForm
2025.02.05 18:54:04,990 [185729362][1.46.2.1063] DEBUG - 	e: System.Windows.Forms.KeyEventArgs
2025.02.05 18:54:04,995 [185729362][1.46.2.1063] DEBUG - <<< Метод TaskSelectionForm.OnFormKeyDown успешно завершен. Возвращаемое значение: отсутствует
2025.02.05 18:54:05,872 [185729362][1.46.2.1063] DEBUG - >>> Вызван метод TaskSelectionForm.OnFormKeyDown...
2025.02.05 18:54:05,873 [185729362][1.46.2.1063] DEBUG - Параметры метода: 
2025.02.05 18:54:05,873 [185729362][1.46.2.1063] DEBUG - 	sender: ScanCity.ConveyerTerminal.DeviceClient.UI.TaskSelectionForm
2025.02.05 18:54:05,873 [185729362][1.46.2.1063] DEBUG - 	e: System.Windows.Forms.KeyEventArgs
2025.02.05 18:54:05,878 [185729362][1.46.2.1063] DEBUG - <<< Метод TaskSelectionForm.OnFormKeyDown успешно завершен. Возвращаемое значение: отсутствует
2025.02.05 18:54:05,947 [185729362][1.46.2.1063] DEBUG - >>> Вызван метод TaskSelectionForm.OnNearestLocationInputted...
2025.02.05 18:54:05,947 [185729362][1.46.2.1063] DEBUG - Параметры метода: 
2025.02.05 18:54:05,947 [185729362][1.46.2.1063] DEBUG - 	sender: InputField (label: ШК ячейки:, text: 88-888-88)
2025.02.05 18:54:05,947 [185729362][1.46.2.1063] DEBUG - 	args: InputtedEventArgs (Text: 88-888-88, Source: Keyboard, BarcodeEventArgs: )
2025.02.05 18:54:05,952 [185729362][1.46.2.1063] DEBUG - >>> Вызван метод BusinessLogicService.GetUnfinishedTaskAndGoToExecution...
2025.02.05 18:54:05,952 [185729362][1.46.2.1063] DEBUG - Параметры метода: 
2025.02.05 18:54:05,953 [185729362][1.46.2.1063] DEBUG - 	employee: ServiceProxy.EmployeeDto
2025.02.05 18:54:05,957 [185729362][1.46.2.1063] DEBUG - >>> Вызван метод CommonService.IsThereUnfinishedTask...
2025.02.05 18:54:05,957 [185729362][1.46.2.1063] DEBUG - Параметры метода: 
2025.02.05 18:54:05,957 [185729362][1.46.2.1063] DEBUG - 	employeeId: 1471
2025.02.05 18:54:06,044 [185729362][1.46.2.1063] DEBUG - <<< Метод CommonService.IsThereUnfinishedTask успешно завершен. Возвращаемое значение: False
2025.02.05 18:54:06,048 [185729362][1.46.2.1063] DEBUG - <<< Метод BusinessLogicService.GetUnfinishedTaskAndGoToExecution успешно завершен. Возвращаемое значение: False
2025.02.05 18:54:06,054 [185729362][1.46.2.1063] DEBUG - >>> Вызван метод BusinessLogicService.LoadFirstPriorityTask...
2025.02.05 18:54:06,055 [185729362][1.46.2.1063] DEBUG - Параметры метода: 
2025.02.05 18:54:06,055 [185729362][1.46.2.1063] DEBUG - 	employeeId: 1471
2025.02.05 18:54:06,055 [185729362][1.46.2.1063] DEBUG - 	forkliftId: telezhka
2025.02.05 18:54:06,055 [185729362][1.46.2.1063] DEBUG - 	nearestLocationId: 88-888-88
2025.02.05 18:54:06,250 [185729362][1.46.2.1063] DEBUG - <<< Метод BusinessLogicService.LoadFirstPriorityTask успешно завершен. Возвращаемое значение: ServiceProxy.AutoTaskDto
2025.02.05 18:54:06,273 [185729362][1.46.2.1063] DEBUG - Получено наиболее приоритетное задание: #MK71671721 с типом 47
2025.02.05 18:54:06,289 [185729362][1.46.2.1063] DEBUG - Открывается PickingTaskStatisticForm...
2025.02.05 18:54:06,345 [185729362][1.46.2.1063] DEBUG - >>> Вызван метод PickingTaskStatisticForm.OnPickingTaskStatisticForm...
2025.02.05 18:54:06,346 [185729362][1.46.2.1063] DEBUG - Параметры метода: 
2025.02.05 18:54:06,346 [185729362][1.46.2.1063] DEBUG - 	sender: ScanCity.ConveyerTerminal.DeviceClient.UI.Picking.PickingTaskStatisticForm
2025.02.05 18:54:06,346 [185729362][1.46.2.1063] DEBUG - 	e: System.EventArgs
2025.02.05 18:54:06,718 [185729362][1.46.2.1063] DEBUG - <<< Метод PickingTaskStatisticForm.OnPickingTaskStatisticForm успешно завершен. Возвращаемое значение: отсутствует
2025.02.05 18:54:10,148 [185729362][1.46.2.1063] DEBUG - >>> Вызван метод PickingTaskStatisticForm.OnContinueButtonPressed...
2025.02.05 18:54:10,148 [185729362][1.46.2.1063] DEBUG - Параметры метода: 
2025.02.05 18:54:10,148 [185729362][1.46.2.1063] DEBUG - 	sender: PushingButton (name: continueButton, text: Продолжить)
2025.02.05 18:54:10,148 [185729362][1.46.2.1063] DEBUG - 	e: System.EventArgs
2025.02.05 18:54:10,153 [185729362][1.46.2.1063] DEBUG - Закрывается PickingTaskStatisticForm...
2025.02.05 18:54:10,158 [185729362][1.46.2.1063] DEBUG - <<< Метод PickingTaskStatisticForm.OnContinueButtonPressed успешно завершен. Возвращаемое значение: отсутствует
2025.02.05 18:54:10,335 [185729362][1.46.2.1063] DEBUG - >>> Вызван метод TaskListForm.OnTaskListFormLoad...
2025.02.05 18:54:10,336 [185729362][1.46.2.1063] DEBUG - Параметры метода: 
2025.02.05 18:54:10,336 [185729362][1.46.2.1063] DEBUG - 	sender: ScanCity.ConveyerTerminal.DeviceClient.UI.Picking.TaskListForm
2025.02.05 18:54:10,336 [185729362][1.46.2.1063] DEBUG - 	e: System.EventArgs
2025.02.05 18:54:10,344 [185729362][1.46.2.1063] DEBUG - >>> Вызван метод PickingService.GetTasks...
2025.02.05 18:54:10,344 [185729362][1.46.2.1063] DEBUG - Параметры метода: 
2025.02.05 18:54:10,344 [185729362][1.46.2.1063] DEBUG - 	taskType: PickingFromMezzanine
2025.02.05 18:54:10,344 [185729362][1.46.2.1063] DEBUG - 	employeeId: 1471
2025.02.05 18:54:10,345 [185729362][1.46.2.1063] DEBUG - 	taskStatus: Assigned
2025.02.05 18:54:10,405 [185729362][1.46.2.1063] DEBUG - <<< Метод PickingService.GetTasks успешно завершен. Возвращаемое значение: System.Collections.Generic.List`1[[PickingServiceProxy.PickingTaskDto, ScanCity.ConveyerTerminal.DeviceClient, Version=1.46.2.1063, Culture=neutral, PublicKeyToken=null]]
2025.02.05 18:54:10,417 [185729362][1.46.2.1063] DEBUG - <<< Метод TaskListForm.OnTaskListFormLoad успешно завершен. Возвращаемое значение: отсутствует
2025.02.05 18:54:16,953 [185729362][1.46.2.1063] DEBUG - >>> Вызван метод TaskListForm.OnContinueButtonPressed...
2025.02.05 18:54:16,953 [185729362][1.46.2.1063] DEBUG - Параметры метода: 
2025.02.05 18:54:16,953 [185729362][1.46.2.1063] DEBUG - 	sender: PushingButton (name: ContinueButton, text: Продолжить)
2025.02.05 18:54:16,953 [185729362][1.46.2.1063] DEBUG - 	e: System.EventArgs
2025.02.05 18:54:16,959 [185729362][1.46.2.1063] DEBUG - >>> Вызван метод PickingService.LoadNextLines...
2025.02.05 18:54:16,959 [185729362][1.46.2.1063] DEBUG - Параметры метода: 
2025.02.05 18:54:16,959 [185729362][1.46.2.1063] DEBUG - 	employeeId: 1471
2025.02.05 18:54:16,960 [185729362][1.46.2.1063] DEBUG - 	taskType: 47
2025.02.05 18:54:16,960 [185729362][1.46.2.1063] DEBUG - 	nextNextLine: не задано
2025.02.05 18:54:16,960 [185729362][1.46.2.1063] DEBUG - 	totalLineCount: 0
2025.02.05 18:54:17,183 [185729362][1.46.2.1063] DEBUG - Метод PickingService.LoadNextLines выбросил исключение Microsoft.Tools.ServiceModel.CFFaultException
2025.02.05 18:54:17,183 [185729362][1.46.2.1063] DEBUG - Specified cast is not valid.
2025.02.05 18:54:17,183 [185729362][1.46.2.1063] DEBUG -    at Microsoft.Tools.ServiceModel.CFClientBase`1.processReply(Message reply)
2025.02.05 18:54:17,183 [185729362][1.46.2.1063] DEBUG -    at Microsoft.Tools.ServiceModel.CFClientBase`1.getResult[TRESPONSE](Message reply, CFInvokeInfo info)
2025.02.05 18:54:17,184 [185729362][1.46.2.1063] DEBUG -    at Microsoft.Tools.ServiceModel.CFClientBase`1.Invoke[TREQUEST,TRESPONSE](CFInvokeInfo info, LoadNextLinesRequest request)
2025.02.05 18:54:17,184 [185729362][1.46.2.1063] DEBUG -    at PickingServiceProxy.PickingServiceClient.LoadNextLines(LoadNextLinesRequest request)
2025.02.05 18:54:17,184 [185729362][1.46.2.1063] DEBUG -    at PickingServiceProxy.PickingServiceClient.LoadNextLines(String employeeId, Int32 taskType, PickingTaskLineDto& nextNextLine, Int32& totalLineCount)
2025.02.05 18:54:17,184 [185729362][1.46.2.1063] DEBUG -    at ScanCity.ConveyerTerminal.DeviceClient.BLL.Services.PickingService.LoadNextLines(String employeeId, Int32 taskType, PickingTaskLineDto& nextNextLine, Int32& totalLineCount)
2025.02.05 18:54:17,184 [185729362][1.46.2.1063] DEBUG -    at ScanCity.ConveyerTerminal.DeviceClient.UI.Picking.TaskListForm.OnContinueButtonPressed(Object sender, EventArgs e)
2025.02.05 18:54:17,185 [185729362][1.46.2.1063] DEBUG -    at ScanCity.ConveyerTerminal.DeviceClient.UI.PushingButton.OnButtonClick(Object sender, EventArgs args)
2025.02.05 18:54:17,185 [185729362][1.46.2.1063] DEBUG -    at System.Windows.Forms.Control.OnClick(EventArgs e)
2025.02.05 18:54:17,185 [185729362][1.46.2.1063] DEBUG -    at System.Windows.Forms.Button.OnClick(EventArgs e)
2025.02.05 18:54:17,185 [185729362][1.46.2.1063] DEBUG -    at System.Windows.Forms.ButtonBase.WnProc(WM wm, Int32 wParam, Int32 lParam)
2025.02.05 18:54:17,185 [185729362][1.46.2.1063] DEBUG -    at System.Windows.Forms.Control._InternalWnProc(WM wm, Int32 wParam, Int32 lParam)
2025.02.05 18:54:17,186 [185729362][1.46.2.1063] DEBUG -    at Microsoft.AGL.Forms.EVL.EnterModalDialog(IntPtr hwnModal)
2025.02.05 18:54:17,186 [185729362][1.46.2.1063] DEBUG -    at System.Windows.Forms.Form.ShowDialog()
2025.02.05 18:54:17,186 [185729362][1.46.2.1063] DEBUG -    at ScanCity.ConveyerTerminal.DeviceClient.UI.TaskSelectionForm.OnNearestLocationInputted(Object sender, InputtedEventArgs args)
2025.02.05 18:54:17,187 [185729362][1.46.2.1063] DEBUG -    at ScanCity.ConveyerTerminal.DeviceClient.UI.InputField.OnTextBoxKeyDown(Object sender, KeyEventArgs e)
2025.02.05 18:54:17,187 [185729362][1.46.2.1063] DEBUG -    at System.Windows.Forms.Control.OnKeyDown(KeyEventArgs e)
2025.02.05 18:54:17,187 [185729362][1.46.2.1063] DEBUG -    at System.Windows.Forms.Control.WnProc(WM wm, Int32 wParam, Int32 lParam)
2025.02.05 18:54:17,187 [185729362][1.46.2.1063] DEBUG -    at System.Windows.Forms.Control._InternalWnProc(WM wm, Int32 wParam, Int32 lParam)
2025.02.05 18:54:17,188 [185729362][1.46.2.1063] DEBUG -    at Microsoft.AGL.Forms.EVL.EnterModalDialog(IntPtr hwnModal)
2025.02.05 18:54:17,188 [185729362][1.46.2.1063] DEBUG -    at System.Windows.Forms.Form.ShowDialog()
2025.02.05 18:54:17,188 [185729362][1.46.2.1063] DEBUG -    at ScanCity.ConveyerTerminal.DeviceClient.UI.AuthenticationForm.OnEmployeeInputted(Object sender, InputtedEventArgs args)
2025.02.05 18:54:17,188 [185729362][1.46.2.1063] DEBUG -    at ScanCity.ConveyerTerminal.DeviceClient.UI.InputField.OnTextBoxKeyDown(Object sender, KeyEventArgs e)
2025.02.05 18:54:17,189 [185729362][1.46.2.1063] DEBUG -    at System.Windows.Forms.Control.OnKeyDown(KeyEventArgs e)
2025.02.05 18:54:17,189 [185729362][1.46.2.1063] DEBUG -    at System.Windows.Forms.Control.WnProc(WM wm, Int32 wParam, Int32 lParam)
2025.02.05 18:54:17,189 [185729362][1.46.2.1063] DEBUG -    at System.Windows.Forms.Control._InternalWnProc(WM wm, Int32 wParam, Int32 lParam)
2025.02.05 18:54:17,189 [185729362][1.46.2.1063] DEBUG -    at Microsoft.AGL.Forms.EVL.EnterMainLoop(IntPtr hwnMain)
2025.02.05 18:54:17,189 [185729362][1.46.2.1063] DEBUG -    at System.Windows.Forms.Application.Run(Form fm)
2025.02.05 18:54:17,190 [185729362][1.46.2.1063] DEBUG -    at ScanCity.ConveyerTerminal.DeviceClient.Program.Main(String[] args)
2025.02.05 18:54:17,208 [185729362][1.46.2.1063] DEBUG - .
2025.02.05 18:54:17,219 [185729362][1.46.2.1063] DEBUG - Метод TaskListForm.OnContinueButtonPressed выбросил исключение Microsoft.Tools.ServiceModel.CFFaultException
2025.02.05 18:54:17,220 [185729362][1.46.2.1063] DEBUG - Specified cast is not valid.
2025.02.05 18:54:17,220 [185729362][1.46.2.1063] DEBUG -    at Microsoft.Tools.ServiceModel.CFClientBase`1.processReply(Message reply)
2025.02.05 18:54:17,220 [185729362][1.46.2.1063] DEBUG -    at Microsoft.Tools.ServiceModel.CFClientBase`1.getResult[TRESPONSE](Message reply, CFInvokeInfo info)
2025.02.05 18:54:17,220 [185729362][1.46.2.1063] DEBUG -    at Microsoft.Tools.ServiceModel.CFClientBase`1.Invoke[TREQUEST,TRESPONSE](CFInvokeInfo info, LoadNextLinesRequest request)
2025.02.05 18:54:17,220 [185729362][1.46.2.1063] DEBUG -    at PickingServiceProxy.PickingServiceClient.LoadNextLines(LoadNextLinesRequest request)
2025.02.05 18:54:17,221 [185729362][1.46.2.1063] DEBUG -    at PickingServiceProxy.PickingServiceClient.LoadNextLines(String employeeId, Int32 taskType, PickingTaskLineDto& nextNextLine, Int32& totalLineCount)
2025.02.05 18:54:17,221 [185729362][1.46.2.1063] DEBUG -    at ScanCity.ConveyerTerminal.DeviceClient.BLL.Services.PickingService.LoadNextLines(String employeeId, Int32 taskType, PickingTaskLineDto& nextNextLine, Int32& totalLineCount)
2025.02.05 18:54:17,221 [185729362][1.46.2.1063] DEBUG -    at ScanCity.ConveyerTerminal.DeviceClient.UI.Picking.TaskListForm.OnContinueButtonPressed(Object sender, EventArgs e)
2025.02.05 18:54:17,221 [185729362][1.46.2.1063] DEBUG -    at ScanCity.ConveyerTerminal.DeviceClient.UI.PushingButton.OnButtonClick(Object sender, EventArgs args)
2025.02.05 18:54:17,221 [185729362][1.46.2.1063] DEBUG -    at System.Windows.Forms.Control.OnClick(EventArgs e)
2025.02.05 18:54:17,222 [185729362][1.46.2.1063] DEBUG -    at System.Windows.Forms.Button.OnClick(EventArgs e)
2025.02.05 18:54:17,222 [185729362][1.46.2.1063] DEBUG -    at System.Windows.Forms.ButtonBase.WnProc(WM wm, Int32 wParam, Int32 lParam)
2025.02.05 18:54:17,222 [185729362][1.46.2.1063] DEBUG -    at System.Windows.Forms.Control._InternalWnProc(WM wm, Int32 wParam, Int32 lParam)
2025.02.05 18:54:17,222 [185729362][1.46.2.1063] DEBUG -    at Microsoft.AGL.Forms.EVL.EnterModalDialog(IntPtr hwnModal)
2025.02.05 18:54:17,223 [185729362][1.46.2.1063] DEBUG -    at System.Windows.Forms.Form.ShowDialog()
2025.02.05 18:54:17,223 [185729362][1.46.2.1063] DEBUG -    at ScanCity.ConveyerTerminal.DeviceClient.UI.TaskSelectionForm.OnNearestLocationInputted(Object sender, InputtedEventArgs args)
2025.02.05 18:54:17,223 [185729362][1.46.2.1063] DEBUG -    at ScanCity.ConveyerTerminal.DeviceClient.UI.InputField.OnTextBoxKeyDown(Object sender, KeyEventArgs e)
2025.02.05 18:54:17,223 [185729362][1.46.2.1063] DEBUG -    at System.Windows.Forms.Control.OnKeyDown(KeyEventArgs e)
2025.02.05 18:54:17,224 [185729362][1.46.2.1063] DEBUG -    at System.Windows.Forms.Control.WnProc(WM wm, Int32 wParam, Int32 lParam)
2025.02.05 18:54:17,224 [185729362][1.46.2.1063] DEBUG -    at System.Windows.Forms.Control._InternalWnProc(WM wm, Int32 wParam, Int32 lParam)
2025.02.05 18:54:17,224 [185729362][1.46.2.1063] DEBUG -    at Microsoft.AGL.Forms.EVL.EnterModalDialog(IntPtr hwnModal)
2025.02.05 18:54:17,224 [185729362][1.46.2.1063] DEBUG -    at System.Windows.Forms.Form.ShowDialog()
2025.02.05 18:54:17,224 [185729362][1.46.2.1063] DEBUG -    at ScanCity.ConveyerTerminal.DeviceClient.UI.AuthenticationForm.OnEmployeeInputted(Object sender, InputtedEventArgs args)
2025.02.05 18:54:17,225 [185729362][1.46.2.1063] DEBUG -    at ScanCity.ConveyerTerminal.DeviceClient.UI.InputField.OnTextBoxKeyDown(Object sender, KeyEventArgs e)
2025.02.05 18:54:17,225 [185729362][1.46.2.1063] DEBUG -    at System.Windows.Forms.Control.OnKeyDown(KeyEventArgs e)
2025.02.05 18:54:17,225 [185729362][1.46.2.1063] DEBUG -    at System.Windows.Forms.Control.WnProc(WM wm, Int32 wParam, Int32 lParam)
2025.02.05 18:54:17,225 [185729362][1.46.2.1063] DEBUG -    at System.Windows.Forms.Control._InternalWnProc(WM wm, Int32 wParam, Int32 lParam)
2025.02.05 18:54:17,226 [185729362][1.46.2.1063] DEBUG -    at Microsoft.AGL.Forms.EVL.EnterMainLoop(IntPtr hwnMain)
2025.02.05 18:54:17,226 [185729362][1.46.2.1063] DEBUG -    at System.Windows.Forms.Application.Run(Form fm)
2025.02.05 18:54:17,226 [185729362][1.46.2.1063] DEBUG -    at ScanCity.ConveyerTerminal.DeviceClient.Program.Main(String[] args)
2025.02.05 18:54:17,226 [185729362][1.46.2.1063] DEBUG - .
2025.02.05 18:54:17,237 [185729362][1.46.2.1063] ERROR - Произошла ошибка при выполнении обработки: Microsoft.Tools.ServiceModel.CFFaultException
2025.02.05 18:54:17,237 [185729362][1.46.2.1063] ERROR - Specified cast is not valid.
2025.02.05 18:54:17,237 [185729362][1.46.2.1063] ERROR -    at Microsoft.Tools.ServiceModel.CFClientBase`1.processReply(Message reply)
2025.02.05 18:54:17,237 [185729362][1.46.2.1063] ERROR -    at Microsoft.Tools.ServiceModel.CFClientBase`1.getResult[TRESPONSE](Message reply, CFInvokeInfo info)
2025.02.05 18:54:17,238 [185729362][1.46.2.1063] ERROR -    at Microsoft.Tools.ServiceModel.CFClientBase`1.Invoke[TREQUEST,TRESPONSE](CFInvokeInfo info, LoadNextLinesRequest request)
2025.02.05 18:54:17,238 [185729362][1.46.2.1063] ERROR -    at PickingServiceProxy.PickingServiceClient.LoadNextLines(LoadNextLinesRequest request)
2025.02.05 18:54:17,238 [185729362][1.46.2.1063] ERROR -    at PickingServiceProxy.PickingServiceClient.LoadNextLines(String employeeId, Int32 taskType, PickingTaskLineDto& nextNextLine, Int32& totalLineCount)
2025.02.05 18:54:17,238 [185729362][1.46.2.1063] ERROR -    at ScanCity.ConveyerTerminal.DeviceClient.BLL.Services.PickingService.LoadNextLines(String employeeId, Int32 taskType, PickingTaskLineDto& nextNextLine, Int32& totalLineCount)
2025.02.05 18:54:17,238 [185729362][1.46.2.1063] ERROR -    at ScanCity.ConveyerTerminal.DeviceClient.UI.Picking.TaskListForm.OnContinueButtonPressed(Object sender, EventArgs e)
2025.02.05 18:54:17,239 [185729362][1.46.2.1063] ERROR -    at ScanCity.ConveyerTerminal.DeviceClient.UI.PushingButton.OnButtonClick(Object sender, EventArgs args)
2025.02.05 18:54:17,239 [185729362][1.46.2.1063] ERROR -    at System.Windows.Forms.Control.OnClick(EventArgs e)
2025.02.05 18:54:17,239 [185729362][1.46.2.1063] ERROR -    at System.Windows.Forms.Button.OnClick(EventArgs e)
2025.02.05 18:54:17,239 [185729362][1.46.2.1063] ERROR -    at System.Windows.Forms.ButtonBase.WnProc(WM wm, Int32 wParam, Int32 lParam)
2025.02.05 18:54:17,239 [185729362][1.46.2.1063] ERROR -    at System.Windows.Forms.Control._InternalWnProc(WM wm, Int32 wParam, Int32 lParam)
2025.02.05 18:54:17,240 [185729362][1.46.2.1063] ERROR -    at Microsoft.AGL.Forms.EVL.EnterModalDialog(IntPtr hwnModal)
2025.02.05 18:54:17,240 [185729362][1.46.2.1063] ERROR -    at System.Windows.Forms.Form.ShowDialog()
2025.02.05 18:54:17,240 [185729362][1.46.2.1063] ERROR -    at ScanCity.ConveyerTerminal.DeviceClient.UI.TaskSelectionForm.OnNearestLocationInputted(Object sender, InputtedEventArgs args)
2025.02.05 18:54:17,240 [185729362][1.46.2.1063] ERROR -    at ScanCity.ConveyerTerminal.DeviceClient.UI.InputField.OnTextBoxKeyDown(Object sender, KeyEventArgs e)
2025.02.05 18:54:17,241 [185729362][1.46.2.1063] ERROR -    at System.Windows.Forms.Control.OnKeyDown(KeyEventArgs e)
2025.02.05 18:54:17,241 [185729362][1.46.2.1063] ERROR -    at System.Windows.Forms.Control.WnProc(WM wm, Int32 wParam, Int32 lParam)
2025.02.05 18:54:17,241 [185729362][1.46.2.1063] ERROR -    at System.Windows.Forms.Control._InternalWnProc(WM wm, Int32 wParam, Int32 lParam)
2025.02.05 18:54:17,241 [185729362][1.46.2.1063] ERROR -    at Microsoft.AGL.Forms.EVL.EnterModalDialog(IntPtr hwnModal)
2025.02.05 18:54:17,241 [185729362][1.46.2.1063] ERROR -    at System.Windows.Forms.Form.ShowDialog()
2025.02.05 18:54:17,242 [185729362][1.46.2.1063] ERROR -    at ScanCity.ConveyerTerminal.DeviceClient.UI.AuthenticationForm.OnEmployeeInputted(Object sender, InputtedEventArgs args)
2025.02.05 18:54:17,242 [185729362][1.46.2.1063] ERROR -    at ScanCity.ConveyerTerminal.DeviceClient.UI.InputField.OnTextBoxKeyDown(Object sender, KeyEventArgs e)
2025.02.05 18:54:17,242 [185729362][1.46.2.1063] ERROR -    at System.Windows.Forms.Control.OnKeyDown(KeyEventArgs e)
2025.02.05 18:54:17,242 [185729362][1.46.2.1063] ERROR -    at System.Windows.Forms.Control.WnProc(WM wm, Int32 wParam, Int32 lParam)
2025.02.05 18:54:17,243 [185729362][1.46.2.1063] ERROR -    at System.Windows.Forms.Control._InternalWnProc(WM wm, Int32 wParam, Int32 lParam)
2025.02.05 18:54:17,243 [185729362][1.46.2.1063] ERROR -    at Microsoft.AGL.Forms.EVL.EnterMainLoop(IntPtr hwnMain)
2025.02.05 18:54:17,243 [185729362][1.46.2.1063] ERROR -    at System.Windows.Forms.Application.Run(Form fm)
2025.02.05 18:54:17,243 [185729362][1.46.2.1063] ERROR -    at ScanCity.ConveyerTerminal.DeviceClient.Program.Main(String[] args)
2025.02.05 18:54:17,297 [185729362][1.46.2.1063] DEBUG - reader_ReadNotify
2025.02.05 18:54:17,302 [185729362][1.46.2.1063] DEBUG - reader_ReadNotify: Barcode='', Type='Unknown'
2025.02.05 18:54:17,306 [185729362][1.46.2.1063] DEBUG - reader_ReadNotify - выход
2025.02.05 18:55:16,956 [180552034][(null)] DEBUG - POWER_BROADCAST: Message=PBT_TRANSITION, Flags=POWER_STATE_ON, POWER_STATE_PASSWORD (0x10010000)
2025.02.05 19:06:25,228 [180552034][(null)] DEBUG - POWER_BROADCAST: Message=PBT_TRANSITION, Flags=POWER_STATE_ON, POWER_STATE_PASSWORD (0x12010000)
2025.02.05 19:06:25,561 [185729362][1.46.2.1063] ERROR - Выведено сообщение об ошибке:
Произошла ошибка при выполнении обработки!
2025.02.05 19:06:27,403 [185729362][1.46.2.1063] DEBUG - >>> Вызван метод TaskListForm.OnContinueButtonPressed...
2025.02.05 19:06:27,403 [185729362][1.46.2.1063] DEBUG - Параметры метода: 
2025.02.05 19:06:27,403 [185729362][1.46.2.1063] DEBUG - 	sender: PushingButton (name: ContinueButton, text: Продолжить)
2025.02.05 19:06:27,403 [185729362][1.46.2.1063] DEBUG - 	e: System.EventArgs
2025.02.05 19:06:27,408 [185729362][1.46.2.1063] DEBUG - >>> Вызван метод PickingService.LoadNextLines...
2025.02.05 19:06:27,409 [185729362][1.46.2.1063] DEBUG - Параметры метода: 
2025.02.05 19:06:27,409 [185729362][1.46.2.1063] DEBUG - 	employeeId: 1471
2025.02.05 19:06:27,409 [185729362][1.46.2.1063] DEBUG - 	taskType: 47
2025.02.05 19:06:27,409 [185729362][1.46.2.1063] DEBUG - 	nextNextLine: не задано
2025.02.05 19:06:27,409 [185729362][1.46.2.1063] DEBUG - 	totalLineCount: 0
2025.02.05 19:06:27,496 [185729362][1.46.2.1063] DEBUG - <<< Метод PickingService.LoadNextLines успешно завершен. Возвращаемое значение: PickingServiceProxy.PickingTaskLineDto
2025.02.05 19:06:46,227 [185729362][1.46.2.1063] DEBUG - >>> Вызван метод ExecutionFromMezzanineForm.OnLocationInputted...
2025.02.05 19:06:46,227 [185729362][1.46.2.1063] DEBUG - Параметры метода: 
2025.02.05 19:06:46,227 [185729362][1.46.2.1063] DEBUG - 	sender: InputField (label: 1M15-120-5:, text: 1M15-120-5)
2025.02.05 19:06:46,239 [185729362][1.46.2.1063] DEBUG - 	args: InputtedEventArgs (Text: 1M15-120-5, Source: Keyboard, BarcodeEventArgs: )
2025.02.05 19:06:46,245 [185729362][1.46.2.1063] DEBUG - >>> Вызван метод PickingService.IsItemPickingAvailable...
2025.02.05 19:06:46,245 [185729362][1.46.2.1063] DEBUG - Параметры метода: 
2025.02.05 19:06:46,245 [185729362][1.46.2.1063] DEBUG - 	locationId: 1M15-120-5
2025.02.05 19:06:46,246 [185729362][1.46.2.1063] DEBUG - 	available: False
2025.02.05 19:06:46,347 [185729362][1.46.2.1063] DEBUG - <<< Метод PickingService.IsItemPickingAvailable успешно завершен. Возвращаемое значение: 0
2025.02.05 19:06:46,353 [185729362][1.46.2.1063] DEBUG - <<< Метод ExecutionFromMezzanineForm.OnLocationInputted успешно завершен. Возвращаемое значение: отсутствует
2025.02.05 19:07:43,616 [180552034][(null)] DEBUG - POWER_BROADCAST: Message=PBT_TRANSITION, Flags=POWER_STATE_ON, POWER_STATE_PASSWORD (0x10010000)
2025.02.05 19:12:25,694 [180552034][(null)] DEBUG - POWER_BROADCAST: Message=PBT_TRANSITION, Flags=POWER_STATE_ON, POWER_STATE_PASSWORD (0x12010000)
2025.02.05 19:12:49,690 [185729362][1.46.2.1063] DEBUG - >>> Вызван метод ExecutionFromMezzanineForm.OnItemInputted...
2025.02.05 19:12:49,690 [185729362][1.46.2.1063] DEBUG - Параметры метода: 
2025.02.05 19:12:49,691 [185729362][1.46.2.1063] DEBUG - 	sender: InputField (label: Штрихкод:, text: 4610091405088)
2025.02.05 19:12:49,691 [185729362][1.46.2.1063] DEBUG - 	args: InputtedEventArgs (Text: 4610091405088, Source: Keyboard, BarcodeEventArgs: )
2025.02.05 19:12:49,697 [185729362][1.46.2.1063] DEBUG - >>> Вызван метод CommonService.GetBarcodeInfo...
2025.02.05 19:12:49,697 [185729362][1.46.2.1063] DEBUG - Параметры метода: 
2025.02.05 19:12:49,697 [185729362][1.46.2.1063] DEBUG - 	barcode: 4610091405088
2025.02.05 19:12:49,698 [185729362][1.46.2.1063] DEBUG - 	taskId: MK71671721
2025.02.05 19:12:49,698 [185729362][1.46.2.1063] DEBUG - 	taskType: PickingFromMezzanine
2025.02.05 19:12:49,698 [185729362][1.46.2.1063] DEBUG - 	itemId: не задано
2025.02.05 19:12:49,789 [185729362][1.46.2.1063] DEBUG - <<< Метод CommonService.GetBarcodeInfo успешно завершен. Возвращаемое значение: CommonServiceProxy.NomenclatureDto
2025.02.05 19:12:49,796 [185729362][1.46.2.1063] DEBUG - <<< Метод ExecutionFromMezzanineForm.OnItemInputted успешно завершен. Возвращаемое значение: отсутствует
2025.02.05 19:13:48,126 [180552034][(null)] DEBUG - POWER_BROADCAST: Message=PBT_TRANSITION, Flags=POWER_STATE_ON, POWER_STATE_PASSWORD (0x10010000)
2025.02.05 19:14:11,333 [180552034][(null)] DEBUG - POWER_BROADCAST: Message=PBT_TRANSITION, Flags=POWER_STATE_ON, POWER_STATE_PASSWORD (0x12010000)
2025.02.05 19:14:47,819 [185729362][1.46.2.1063] DEBUG - >>> Вызван метод ExecutionFromMezzanineForm.OnCargoPackageInputted...
2025.02.05 19:14:47,819 [185729362][1.46.2.1063] DEBUG - Параметры метода: 
2025.02.05 19:14:47,819 [185729362][1.46.2.1063] DEBUG - 	sender: InputField (label: Грузоместо:, text: 50019549)
2025.02.05 19:14:47,819 [185729362][1.46.2.1063] DEBUG - 	args: InputtedEventArgs (Text: 50019549, Source: Keyboard, BarcodeEventArgs: )
2025.02.05 19:14:47,826 [185729362][1.46.2.1063] DEBUG - >>> Вызван метод PickingService.UpdateFactQtyFromMezzanine...
2025.02.05 19:14:47,826 [185729362][1.46.2.1063] DEBUG - Параметры метода: 
2025.02.05 19:14:47,826 [185729362][1.46.2.1063] DEBUG - 	employeeId: 1471
2025.02.05 19:14:47,827 [185729362][1.46.2.1063] DEBUG - 	lineId: 389538142
2025.02.05 19:14:47,827 [185729362][1.46.2.1063] DEBUG - 	cargoPackageId: 50019549
2025.02.05 19:14:47,827 [185729362][1.46.2.1063] DEBUG - 	terminalFactQty: 0
2025.02.05 19:14:47,827 [185729362][1.46.2.1063] DEBUG - 	qty: 1
2025.02.05 19:14:47,827 [185729362][1.46.2.1063] DEBUG - 	boxBarcodes: System.Collections.Generic.List`1[[PickingServiceProxy.BoxBarcodeInfoDto, ScanCity.ConveyerTerminal.DeviceClient, Version=1.46.2.1063, Culture=neutral, PublicKeyToken=null]]
2025.02.05 19:14:47,828 [185729362][1.46.2.1063] DEBUG - 	nextLine: не задано
2025.02.05 19:14:47,828 [185729362][1.46.2.1063] DEBUG - 	nextNextLine: не задано
2025.02.05 19:14:47,828 [185729362][1.46.2.1063] DEBUG - 	lineCount: 0
2025.02.05 19:14:47,828 [185729362][1.46.2.1063] DEBUG - 	errorMessage: не задано
2025.02.05 19:14:48,676 [185729362][1.46.2.1063] DEBUG - <<< Метод PickingService.UpdateFactQtyFromMezzanine успешно завершен. Возвращаемое значение: 0
2025.02.05 19:14:48,683 [185729362][1.46.2.1063] DEBUG - <<< Метод ExecutionFromMezzanineForm.OnCargoPackageInputted успешно завершен. Возвращаемое значение: отсутствует
2025.02.05 19:15:14,688 [180552034][(null)] DEBUG - POWER_BROADCAST: Message=PBT_TRANSITION, Flags=POWER_STATE_ON, POWER_STATE_PASSWORD (0x10010000)
2025.02.05 19:15:46,312 [180552034][(null)] DEBUG - POWER_BROADCAST: Message=PBT_TRANSITION, Flags=POWER_STATE_ON, POWER_STATE_PASSWORD (0x12010000)
2025.02.05 19:15:57,212 [185729362][1.46.2.1063] DEBUG - >>> Вызван метод ExecutionFromMezzanineForm.OnLocationInputted...
2025.02.05 19:15:57,213 [185729362][1.46.2.1063] DEBUG - Параметры метода: 
2025.02.05 19:15:57,213 [185729362][1.46.2.1063] DEBUG - 	sender: InputField (label: 1M25-128-4:, text: 1M25-128-4)
2025.02.05 19:15:57,213 [185729362][1.46.2.1063] DEBUG - 	args: InputtedEventArgs (Text: 1M25-128-4, Source: Keyboard, BarcodeEventArgs: )
2025.02.05 19:15:57,218 [185729362][1.46.2.1063] DEBUG - >>> Вызван метод PickingService.IsItemPickingAvailable...
2025.02.05 19:15:57,218 [185729362][1.46.2.1063] DEBUG - Параметры метода: 
2025.02.05 19:15:57,219 [185729362][1.46.2.1063] DEBUG - 	locationId: 1M25-128-4
2025.02.05 19:15:57,219 [185729362][1.46.2.1063] DEBUG - 	available: False
2025.02.05 19:15:57,285 [185729362][1.46.2.1063] DEBUG - <<< Метод PickingService.IsItemPickingAvailable успешно завершен. Возвращаемое значение: 0
2025.02.05 19:15:57,290 [185729362][1.46.2.1063] DEBUG - <<< Метод ExecutionFromMezzanineForm.OnLocationInputted успешно завершен. Возвращаемое значение: отсутствует
2025.02.05 19:16:44,951 [185729362][1.46.2.1063] DEBUG - >>> Вызван метод ExecutionFromMezzanineForm.OnItemInputted...
2025.02.05 19:16:44,951 [185729362][1.46.2.1063] DEBUG - Параметры метода: 
2025.02.05 19:16:44,951 [185729362][1.46.2.1063] DEBUG - 	sender: InputField (label: Штрихкод:, text: 4678599767534)
2025.02.05 19:16:44,952 [185729362][1.46.2.1063] DEBUG - 	args: InputtedEventArgs (Text: 4678599767534, Source: Keyboard, BarcodeEventArgs: )
2025.02.05 19:16:44,957 [185729362][1.46.2.1063] DEBUG - >>> Вызван метод CommonService.GetBarcodeInfo...
2025.02.05 19:16:44,957 [185729362][1.46.2.1063] DEBUG - Параметры метода: 
2025.02.05 19:16:44,957 [185729362][1.46.2.1063] DEBUG - 	barcode: 4678599767534
2025.02.05 19:16:44,957 [185729362][1.46.2.1063] DEBUG - 	taskId: MK71672028
2025.02.05 19:16:44,957 [185729362][1.46.2.1063] DEBUG - 	taskType: PickingFromMezzanine
2025.02.05 19:16:44,958 [185729362][1.46.2.1063] DEBUG - 	itemId: не задано
2025.02.05 19:16:45,014 [185729362][1.46.2.1063] DEBUG - <<< Метод CommonService.GetBarcodeInfo успешно завершен. Возвращаемое значение: CommonServiceProxy.NomenclatureDto
2025.02.05 19:16:45,021 [185729362][1.46.2.1063] DEBUG - <<< Метод ExecutionFromMezzanineForm.OnItemInputted успешно завершен. Возвращаемое значение: отсутствует
2025.02.05 19:17:14,406 [185729362][1.46.2.1063] DEBUG - >>> Вызван метод ExecutionFromMezzanineForm.OnCargoPackageInputted...
2025.02.05 19:17:14,407 [185729362][1.46.2.1063] DEBUG - Параметры метода: 
2025.02.05 19:17:14,407 [185729362][1.46.2.1063] DEBUG - 	sender: InputField (label: Грузоместо:, text: 50019548)
2025.02.05 19:17:14,407 [185729362][1.46.2.1063] DEBUG - 	args: InputtedEventArgs (Text: 50019548, Source: Keyboard, BarcodeEventArgs: )
2025.02.05 19:17:14,412 [185729362][1.46.2.1063] DEBUG - >>> Вызван метод PickingService.UpdateFactQtyFromMezzanine...
2025.02.05 19:17:14,412 [185729362][1.46.2.1063] DEBUG - Параметры метода: 
2025.02.05 19:17:14,413 [185729362][1.46.2.1063] DEBUG - 	employeeId: 1471
2025.02.05 19:17:14,413 [185729362][1.46.2.1063] DEBUG - 	lineId: 389538334
2025.02.05 19:17:14,413 [185729362][1.46.2.1063] DEBUG - 	cargoPackageId: 50019548
2025.02.05 19:17:14,413 [185729362][1.46.2.1063] DEBUG - 	terminalFactQty: 0
2025.02.05 19:17:14,413 [185729362][1.46.2.1063] DEBUG - 	qty: 1
2025.02.05 19:17:14,414 [185729362][1.46.2.1063] DEBUG - 	boxBarcodes: System.Collections.Generic.List`1[[PickingServiceProxy.BoxBarcodeInfoDto, ScanCity.ConveyerTerminal.DeviceClient, Version=1.46.2.1063, Culture=neutral, PublicKeyToken=null]]
2025.02.05 19:17:14,414 [185729362][1.46.2.1063] DEBUG - 	nextLine: не задано
2025.02.05 19:17:14,414 [185729362][1.46.2.1063] DEBUG - 	nextNextLine: не задано
2025.02.05 19:17:14,414 [185729362][1.46.2.1063] DEBUG - 	lineCount: 0
2025.02.05 19:17:14,414 [185729362][1.46.2.1063] DEBUG - 	errorMessage: не задано
2025.02.05 19:17:14,608 [185729362][1.46.2.1063] DEBUG - <<< Метод PickingService.UpdateFactQtyFromMezzanine успешно завершен. Возвращаемое значение: 0
2025.02.05 19:17:14,615 [185729362][1.46.2.1063] DEBUG - <<< Метод ExecutionFromMezzanineForm.OnCargoPackageInputted успешно завершен. Возвращаемое значение: отсутствует
2025.02.05 19:18:11,830 [180552034][(null)] DEBUG - POWER_BROADCAST: Message=PBT_TRANSITION, Flags=POWER_STATE_ON, POWER_STATE_PASSWORD (0x10010000)
